description,amount
flipkart t shirt,11008
nykaa headphones,26275
air india sandwich,41173
swiggy popcorn,36358
pvr flight ticket,7980
ajio subscription,19099
burger king cab ride,56361
nykaa pizza,37108
uber headphones,27958
nykaa jeans,23399
netflix cab ride,57163
indigo biryani,41125
indigo watch,33088
uber headphones,32112
flipkart sneakers,21099
dominos flight ticket,52657
rapido pizza,41548
mcdonalds camera,859
spotify sneakers,58791
uber jeans,37880
hotstar camera,58975
starbucks earbuds,35175
air india earbuds,21300
croma movie ticket,30065
bookmyshow shoes,55061
amazon shoes,21656
rapido subscription,7729
swiggy pizza,20978
croma t shirt,49318
subway burger,30816
pizza hut pizza,45118
indigo headphones,53444
bookmyshow pasta,17982
hotstar mobile,5108
uber pizza,32669
subway cab ride,14862
indigo jeans,49412
dominos shoes,21258
indigo subscription,21890
starbucks movie ticket,23392
amazon laptop,54898
netflix watch,25452
flipkart burger,1813
ola flight ticket,17458
uber t shirt,59631
reliance digital sneakers,12355
vistara cab ride,54846
mcdonalds watch,45715
kfc pizza,54316
subway flight ticket,16446
myntra earbuds,27831
pvr popcorn,53720
starbucks biryani,23894
spotify pasta,44791
redbus biryani,55081
ajio coffee,15974
irctc biryani,21416
bookmyshow headphones,57111
burger king sneakers,50132
kfc shoes,581
starbucks popcorn,54482
dominos sneakers,18036
swiggy flight ticket,23399
uber sandwich,33024
ola sandwich,3083
air india mobile,13924
vistara biryani,33615
flipkart sandwich,59675
ola t shirt,59301
vistara subscription,36390
rapido movie ticket,39843
ola pasta,14938
pizza hut flight ticket,25462
netflix t shirt,21397
starbucks shoes,2842
croma watch,48840
croma camera,14209
nykaa headphones,45128
myntra camera,2620
prime video t shirt,17838
netflix camera,46702
irctc coffee,1500
starbucks pasta,24617
air india pasta,43412
vistara biryani,45340
ajio cab ride,21348
redbus sneakers,19602
nykaa shoes,32450
myntra biryani,5937
netflix t shirt,38310
netflix jeans,28764
pvr pasta,17687
flipkart laptop,37297
swiggy t shirt,2086
reliance digital earbuds,23817
redbus jeans,38384
dominos biryani,55506
mcdonalds watch,46388
amazon biryani,49860
netflix t shirt,4745
myntra cab ride,22908
pvr earbuds,24528
irctc movie ticket,27246
vistara jeans,37763
myntra subscription,18370
redbus pasta,19143
burger king mobile,20222
reliance digital earbuds,44319
flipkart shoes,30838
mcdonalds camera,14295
hotstar dress,1437
nykaa pasta,27387
flipkart sneakers,6136
amazon sneakers,55580
burger king cab ride,53639
irctc mobile,45695
zomato headphones,49094
zomato movie ticket,43540
ola flight ticket,54787
ola jeans,36480
pvr movie ticket,7973
uber watch,42901
uber sandwich,2003
zomato biryani,28024
burger king watch,3824
zomato laptop,42032
pvr subscription,8587
indigo jeans,15526
burger king shoes,1241
zomato movie ticket,8794
indigo t shirt,58165
reliance digital camera,48398
ola sneakers,32651
prime video jeans,46712
starbucks subscription,9046
kfc jeans,43099
croma popcorn,25351
croma earbuds,3787
rapido popcorn,52545
mcdonalds biryani,22851
flipkart pizza,33792
netflix sandwich,55899
redbus burger,31512
air india flight ticket,30316
zomato flight ticket,11900
burger king t shirt,20454
kfc subscription,25006
pizza hut burger,7556
prime video earbuds,54611
reliance digital shoes,38419
vistara shoes,7062
air india earbuds,22883
nykaa burger,43695
bookmyshow camera,57723
indigo headphones,58006
bookmyshow shoes,35594
air india pizza,17457
amazon burger,19062
uber coffee,52623
kfc coffee,86
bookmyshow dress,13654
ola laptop,51196
indigo dress,25861
kfc watch,8047
starbucks subscription,29502
uber sandwich,45644
pizza hut flight ticket,15739
spotify watch,3657
zomato dress,42298
pizza hut earbuds,46354
air india cab ride,54866
ola movie ticket,17488
croma movie ticket,22390
nykaa headphones,54387
bookmyshow movie ticket,28650
ola jeans,21155
netflix subscription,33556
irctc sneakers,44666
pvr headphones,44011
indigo flight ticket,14608
amazon subscription,38085
dominos sneakers,47767
pvr camera,58215
flipkart movie ticket,29134
prime video dress,25971
bookmyshow burger,53456
rapido cab ride,25176
ajio movie ticket,7430
air india sandwich,6180
netflix shoes,45886
irctc sandwich,1167
zomato biryani,44729
kfc subscription,36061
croma coffee,3158
irctc subscription,24086
croma sandwich,16665
subway shoes,8592
amazon mobile,30682
vistara laptop,3563
reliance digital camera,4060
nykaa popcorn,27010
ajio flight ticket,49865
netflix laptop,47173
rapido sandwich,13512
zomato shoes,23134
irctc mobile,3545
myntra flight ticket,49283
spotify sandwich,3106
nykaa watch,58964
vistara sneakers,3808
amazon flight ticket,14540
rapido mobile,23366
amazon biryani,5241
prime video pizza,33070
starbucks mobile,39529
bookmyshow burger,48878
nykaa mobile,28901
mcdonalds sneakers,56333
vistara burger,3647
prime video headphones,37755
flipkart popcorn,26750
zomato shoes,21192
netflix cab ride,18627
nykaa pizza,53904
ajio burger,56939
hotstar watch,51431
ola jeans,19265
air india shoes,5423
ajio shoes,7508
rapido pizza,11388
vistara burger,67
prime video biryani,54882
amazon popcorn,12089
pvr subscription,18331
amazon pasta,46815
mcdonalds earbuds,43147
rapido movie ticket,27423
irctc subscription,10007
amazon movie ticket,29945
prime video laptop,30265
subway watch,55065
vistara coffee,34405
netflix shoes,16818
pvr camera,13404
reliance digital shoes,52701
croma pizza,38302
irctc dress,30282
uber flight ticket,8732
subway cab ride,52357
prime video earbuds,55673
kfc pasta,28359
rapido earbuds,37059
hotstar subscription,17764
pvr headphones,45445
starbucks burger,2216
mcdonalds biryani,35177
kfc camera,54864
mcdonalds burger,19703
spotify pasta,20632
starbucks biryani,1549
ajio coffee,21505
myntra pasta,47704
uber earbuds,47585
dominos flight ticket,54150
nykaa camera,15679
burger king coffee,40690
netflix sneakers,38732
indigo sandwich,54264
prime video cab ride,45599
amazon shoes,18301
dominos watch,24283
mcdonalds sneakers,19809
zomato mobile,39625
reliance digital subscription,11949
rapido pasta,23961
swiggy headphones,8747
irctc sneakers,35737
dominos headphones,50269
reliance digital headphones,23977
burger king burger,49447
bookmyshow laptop,37107
amazon sneakers,47881
bookmyshow cab ride,29285
kfc pizza,55184
spotify pizza,11648
redbus flight ticket,30915
flipkart earbuds,12543
redbus biryani,57717
kfc biryani,8109
kfc pasta,558
irctc laptop,56609
pvr coffee,17335
uber coffee,39319
starbucks shoes,6710
zomato pizza,33741
prime video coffee,45034
croma coffee,30488
air india pasta,35760
nykaa dress,27136
croma flight ticket,27548
nykaa biryani,59391
mcdonalds popcorn,58460
mcdonalds flight ticket,22993
irctc coffee,53243
spotify camera,16494
netflix popcorn,31672
zomato headphones,27934
subway watch,20957
mcdonalds cab ride,46781
uber t shirt,52485
nykaa watch,35900
indigo jeans,41958
hotstar jeans,18625
zomato earbuds,45302
prime video t shirt,27880
amazon biryani,6240
rapido dress,28330
ola watch,18851
ola cab ride,25942
redbus movie ticket,2192
swiggy movie ticket,28378
amazon cab ride,26201
prime video mobile,50737
rapido burger,41816
irctc shoes,27271
flipkart watch,31133
subway burger,28357
spotify jeans,24521
rapido biryani,53164
uber jeans,28493
uber biryani,50296
pvr movie ticket,4269
myntra biryani,12712
flipkart camera,45945
irctc headphones,12754
swiggy mobile,24717
spotify mobile,59672
rapido pizza,50692
croma movie ticket,56467
pvr subscription,15702
vistara jeans,26430
burger king sneakers,24393
reliance digital subscription,12594
netflix popcorn,19840
irctc biryani,36798
reliance digital coffee,33774
pizza hut biryani,27235
rapido sandwich,12872
croma coffee,58549
starbucks camera,24612
flipkart watch,13500
pizza hut mobile,47051
irctc watch,11314
rapido sandwich,2870
ajio sandwich,55598
starbucks t shirt,22668
ola burger,1812
pizza hut dress,11148
indigo mobile,12360
croma subscription,40126
burger king earbuds,51888
croma sandwich,57244
nykaa mobile,52066
indigo camera,35891
flipkart earbuds,55651
dominos headphones,56267
croma shoes,19552
reliance digital jeans,40720
rapido laptop,37537
uber headphones,40113
air india subscription,1218
hotstar biryani,8336
ajio sandwich,46787
pvr biryani,40638
bookmyshow biryani,8870
spotify subscription,59800
indigo t shirt,1172
air india coffee,7735
prime video burger,44516
starbucks flight ticket,14119
rapido sandwich,53562
swiggy t shirt,54120
rapido dress,40679
vistara pasta,5168
starbucks camera,46221
ajio coffee,49247
uber flight ticket,23768
swiggy shoes,49602
ola subscription,37713
hotstar earbuds,28271
dominos mobile,39903
indigo sandwich,21318
croma headphones,33629
spotify pizza,48307
dominos dress,14942
pizza hut movie ticket,1897
swiggy burger,3618
vistara jeans,12937
rapido headphones,28927
dominos biryani,43273
pizza hut laptop,30820
air india jeans,25713
hotstar popcorn,6018
hotstar pizza,31163
bookmyshow coffee,11562
nykaa pasta,12517
dominos burger,37952
prime video cab ride,11424
spotify coffee,15837
ajio camera,16959
burger king laptop,46111
redbus pizza,23704
amazon flight ticket,11620
zomato pasta,10472
myntra dress,27688
flipkart sneakers,40621
hotstar mobile,11597
ola mobile,12061
irctc dress,38742
pvr camera,49124
irctc biryani,19365
ola headphones,27860
myntra camera,5011
subway cab ride,37373
swiggy t shirt,57196
amazon jeans,49426
dominos earbuds,40495
subway flight ticket,42783
ola earbuds,44885
redbus pasta,22781
myntra pizza,7614
mcdonalds flight ticket,18304
air india cab ride,537
burger king cab ride,28678
mcdonalds camera,9525
vistara popcorn,34213
uber sandwich,8488
myntra pasta,4171
amazon t shirt,22186
flipkart camera,29772
ola cab ride,27517
zomato pasta,43175
croma sandwich,15002
burger king biryani,14322
ajio pizza,38071
air india coffee,10547
netflix pizza,17862
ajio earbuds,24159
myntra biryani,58727
irctc cab ride,28758
prime video flight ticket,27375
starbucks laptop,16437
myntra headphones,43933
zomato t shirt,18490
nykaa camera,45800
hotstar watch,43681
burger king cab ride,37499
indigo burger,8616
nykaa t shirt,41008
dominos sneakers,8859
indigo mobile,27124
pvr pasta,58623
redbus dress,6074
air india earbuds,24908
swiggy cab ride,49984
subway earbuds,14648
myntra pasta,3281
redbus biryani,32594
indigo jeans,57719
uber sandwich,51369
hotstar burger,3330
prime video t shirt,50481
ola sneakers,50011
rapido biryani,11434
subway dress,18060
zomato shoes,38725
starbucks cab ride,1479
kfc laptop,43321
netflix mobile,47626
mcdonalds jeans,12708
irctc shoes,4673
pvr popcorn,12465
zomato dress,24454
croma flight ticket,48081
spotify cab ride,11953
air india camera,37357
netflix headphones,45699
croma sandwich,39172
redbus jeans,25886
hotstar jeans,6689
redbus watch,40687
starbucks headphones,34828
swiggy flight ticket,33722
netflix subscription,4383
prime video headphones,7885
croma laptop,32203
indigo sandwich,5017
bookmyshow jeans,9279
flipkart burger,59633
indigo pasta,6918
pizza hut pasta,21316
croma burger,56256
kfc laptop,43227
rapido jeans,6861
croma flight ticket,18289
mcdonalds subscription,172
indigo sneakers,43984
irctc shoes,7523
subway headphones,41045
air india sneakers,16870
spotify coffee,56881
ola coffee,53852
croma headphones,35657
nykaa biryani,759
air india burger,30699
vistara mobile,46958
ola jeans,4270
indigo burger,47606
croma t shirt,20665
pizza hut laptop,24168
irctc biryani,18630
zomato burger,9113
uber t shirt,6086
subway coffee,56986
subway camera,42447
zomato shoes,57762
starbucks burger,58247
burger king pizza,47487
swiggy popcorn,31804
zomato headphones,16288
reliance digital subscription,12715
zomato camera,11745
zomato pasta,41246
zomato coffee,53020
indigo watch,58917
subway headphones,15988
bookmyshow biryani,30480
ola camera,412
bookmyshow sneakers,10419
starbucks coffee,27880
prime video camera,40812
indigo shoes,20142
reliance digital camera,12490
swiggy popcorn,52395
dominos pasta,39854
zomato earbuds,58006
rapido t shirt,29648
vistara burger,38366
kfc biryani,25028
pizza hut mobile,48468
kfc movie ticket,12749
uber sandwich,38832
dominos laptop,44048
subway pasta,25448
mcdonalds pizza,30557
rapido popcorn,38826
reliance digital biryani,25386
ajio dress,40235
myntra burger,58846
pizza hut shoes,33925
amazon coffee,35763
irctc flight ticket,41620
starbucks jeans,56120
redbus earbuds,37485
starbucks pizza,49718
mcdonalds pasta,25678
irctc earbuds,56626
burger king pasta,1941
prime video sandwich,34480
kfc movie ticket,21547
spotify laptop,36676
vistara mobile,18119
netflix dress,29242
prime video subscription,38924
mcdonalds coffee,40992
prime video camera,44747
croma headphones,37992
prime video pizza,19489
myntra camera,37845
reliance digital movie ticket,22659
myntra t shirt,59626
ajio camera,7150
swiggy dress,56895
indigo pizza,35608
uber headphones,8922
irctc pizza,51857
ajio cab ride,59052
zomato camera,45302
subway shoes,49335
zomato cab ride,10238
uber headphones,23612
pizza hut coffee,48532
subway biryani,32828
croma pizza,14784
pizza hut pasta,46355
nykaa mobile,36294
spotify pasta,20859
amazon watch,16868
bookmyshow watch,20851
burger king earbuds,50095
subway dress,4737
flipkart popcorn,11730
subway sandwich,27553
redbus cab ride,36897
netflix mobile,42819
rapido pizza,54460
reliance digital popcorn,23404
uber popcorn,1588
pvr camera,47985
hotstar cab ride,38216
starbucks flight ticket,36030
pvr headphones,12637
ola sneakers,48644
vistara laptop,39375
netflix earbuds,32366
ajio subscription,39506
vistara t shirt,39726
hotstar dress,15015
pvr burger,48222
myntra biryani,2923
swiggy dress,22626
pizza hut earbuds,1478
zomato jeans,54266
spotify t shirt,14963
dominos movie ticket,29003
zomato jeans,25782
kfc shoes,40286
mcdonalds shoes,24808
starbucks movie ticket,5197
kfc sandwich,51502
irctc cab ride,59717
dominos earbuds,44158
indigo burger,45062
pizza hut biryani,39690
croma popcorn,4087
kfc subscription,46657
ajio earbuds,27243
reliance digital dress,13557
swiggy headphones,3852
prime video sneakers,50876
spotify subscription,25230
flipkart dress,35836
netflix pizza,32610
zomato biryani,40787
air india biryani,5066
uber pasta,14248
starbucks sandwich,18102
flipkart jeans,56057
kfc jeans,20924
hotstar dress,52304
kfc burger,59163
pizza hut sneakers,40719
myntra dress,53332
pizza hut mobile,24240
rapido cab ride,28267
ajio burger,50563
croma popcorn,52708
bookmyshow jeans,16468
uber laptop,41322
myntra t shirt,44755
burger king cab ride,13646
irctc pizza,56734
bookmyshow burger,40262
netflix flight ticket,25004
rapido sneakers,43842
myntra sandwich,44051
pizza hut cab ride,54461
bookmyshow popcorn,1439
dominos laptop,30679
subway flight ticket,33162
air india flight ticket,7415
amazon laptop,44551
prime video burger,17151
flipkart headphones,26068
netflix sandwich,55858
air india earbuds,46368
vistara movie ticket,7023
vistara cab ride,12795
swiggy sneakers,39796
pvr pasta,55343
dominos sneakers,12101
croma earbuds,26955
pvr pasta,495
myntra flight ticket,11221
zomato cab ride,45922
reliance digital mobile,2478
reliance digital flight ticket,42293
amazon sandwich,1954
uber biryani,25206
pizza hut sandwich,18580
indigo biryani,46838
nykaa pasta,51495
indigo jeans,20425
zomato biryani,14290
myntra sandwich,45175
myntra burger,12271
indigo burger,14327
swiggy camera,17409
ola popcorn,27136
starbucks coffee,18946
air india cab ride,47167
indigo watch,48994
kfc sandwich,8789
pvr popcorn,14701
prime video watch,21214
irctc watch,28695
vistara movie ticket,15522
ola sandwich,38646
reliance digital popcorn,17186
subway earbuds,27339
mcdonalds pasta,14563
zomato movie ticket,44155
croma movie ticket,34400
spotify mobile,1406
prime video burger,6090
pizza hut biryani,2534
burger king shoes,35331
starbucks laptop,10523
netflix camera,18467
ola headphones,29658
spotify jeans,13770
pizza hut pizza,56745
vistara earbuds,54614
netflix dress,53157
uber pasta,21502
irctc dress,16559
hotstar jeans,46711
nykaa subscription,32026
pizza hut dress,31010
irctc biryani,46357
burger king pizza,29641
mcdonalds flight ticket,51089
amazon movie ticket,35659
uber laptop,5215
zomato pasta,53753
ola mobile,25594
zomato cab ride,6748
pvr sneakers,32620
bookmyshow jeans,51838
croma pasta,14066
bookmyshow camera,40259
rapido sandwich,23651
nykaa pasta,38778
croma coffee,9999
redbus t shirt,57835
kfc t shirt,32125
croma t shirt,13046
myntra headphones,31704
ola sandwich,13263
indigo mobile,53165
starbucks sneakers,44951
subway headphones,51426
reliance digital dress,18720
dominos biryani,7466
prime video sneakers,51795
mcdonalds popcorn,50140
amazon watch,43276
subway camera,48259
air india shoes,41329
irctc pasta,45528
spotify earbuds,9738
nykaa mobile,31635
starbucks t shirt,39715
amazon cab ride,609
prime video subscription,10385
ola popcorn,42136
prime video shoes,59311
mcdonalds coffee,31979
flipkart cab ride,51978
pizza hut sandwich,41125
prime video dress,14449
rapido pizza,46681
kfc movie ticket,2903
air india earbuds,41425
kfc jeans,18991
ajio subscription,41793
nykaa jeans,37319
nykaa subscription,24885
air india watch,53073
netflix laptop,1609
amazon headphones,34643
netflix pizza,4618
zomato pizza,39725
ola camera,47399
amazon subscription,22024
ajio headphones,29063
swiggy dress,46921
mcdonalds camera,57228
swiggy sneakers,38328
myntra dress,51017
mcdonalds shoes,13814
vistara mobile,5208
dominos mobile,34431
myntra burger,644
pizza hut earbuds,43207
amazon burger,16491
swiggy flight ticket,23557
rapido popcorn,46915
croma camera,17857
air india pasta,57430
spotify pasta,32353
burger king subscription,49654
mcdonalds camera,50826
indigo laptop,57303
subway flight ticket,7077
myntra cab ride,10846
kfc t shirt,38253
spotify laptop,29481
starbucks laptop,43571
air india cab ride,53443
hotstar subscription,21696
pizza hut watch,2960
reliance digital popcorn,57321
irctc t shirt,6808
myntra earbuds,55832
bookmyshow pizza,37721
ajio coffee,38428
vistara mobile,6483
reliance digital t shirt,36304
prime video popcorn,975
netflix t shirt,58048
reliance digital popcorn,58545
subway shoes,6318
air india sandwich,44458
myntra jeans,24640
nykaa dress,33154
netflix coffee,35164
spotify sneakers,40646
zomato earbuds,11650
ola subscription,19352
burger king earbuds,10416
amazon pasta,18121
air india watch,27834
rapido pizza,1871
irctc laptop,41869
uber earbuds,10170
croma headphones,47337
vistara headphones,9665
prime video pasta,27852
rapido biryani,29275
spotify camera,32812
flipkart pasta,9557
prime video coffee,58869
starbucks headphones,29684
prime video shoes,46386
hotstar movie ticket,35794
subway mobile,28358
flipkart pizza,39530
hotstar sneakers,39029
subway popcorn,55445
reliance digital t shirt,51297
swiggy biryani,604
croma camera,36592
swiggy pasta,59868
dominos movie ticket,40196
ajio mobile,55209
croma movie ticket,38161
reliance digital headphones,33861
dominos pasta,59713
ola t shirt,10682
burger king shoes,7066
rapido flight ticket,21466
ajio flight ticket,32377
amazon movie ticket,30345
hotstar coffee,10131
pizza hut laptop,3334
amazon sneakers,53200
zomato subscription,22875
netflix laptop,5589
uber biryani,43240
amazon camera,43476
prime video subscription,191
netflix shoes,12000
prime video watch,8947
redbus subscription,59031
swiggy cab ride,35358
prime video flight ticket,54905
flipkart sandwich,15755
pizza hut subscription,18737
subway popcorn,36129
croma burger,25035
burger king shoes,40644
rapido sandwich,59478
swiggy headphones,28855
rapido biryani,48333
subway popcorn,41715
starbucks cab ride,3446
hotstar pasta,9242
indigo coffee,8685
air india cab ride,33900
nykaa coffee,1641
dominos jeans,469
reliance digital cab ride,18225
subway sandwich,16765
flipkart jeans,41280
bookmyshow burger,32862
vistara laptop,40878
rapido shoes,20788
ajio coffee,48005
spotify headphones,1322
amazon popcorn,7351
hotstar cab ride,54165
reliance digital earbuds,6880
croma camera,16308
amazon biryani,31505
uber mobile,4782
swiggy t shirt,41614
netflix burger,42053
ajio headphones,50204
nykaa sandwich,35912
pizza hut coffee,56785
bookmyshow shoes,50784
rapido sneakers,12205
mcdonalds coffee,42929
starbucks movie ticket,31133
pvr biryani,54364
air india sneakers,42879
ola t shirt,29200
starbucks earbuds,4201
reliance digital flight ticket,29114
amazon dress,23194
burger king earbuds,2524
rapido earbuds,54957
ola sandwich,50572
indigo mobile,14819
dominos burger,53911
zomato pizza,30261
uber t shirt,53431
air india flight ticket,24389
spotify biryani,4753
subway popcorn,59375
burger king popcorn,53424
dominos flight ticket,57064
uber pizza,56675
burger king biryani,31132
nykaa laptop,51123
redbus earbuds,16298
pizza hut cab ride,32829
reliance digital dress,31271
mcdonalds jeans,14719
netflix movie ticket,17352
starbucks sneakers,41690
myntra dress,16459
swiggy biryani,43358
indigo sneakers,34644
pizza hut watch,3915
pizza hut sandwich,10430
starbucks flight ticket,3186
air india headphones,39187
bookmyshow dress,58438
myntra laptop,10013
kfc camera,52986
ajio subscription,21357
starbucks sneakers,49821
burger king mobile,45063
uber t shirt,26841
prime video popcorn,30556
amazon burger,51038
reliance digital watch,17382
dominos mobile,26668
indigo camera,37379
prime video burger,30725
ola subscription,5501
hotstar watch,5319
netflix headphones,10875
hotstar subscription,28163
pvr sneakers,6759
subway laptop,38790
hotstar laptop,51285
myntra headphones,50203
vistara camera,17025
pvr shoes,4051
indigo headphones,49449
redbus mobile,31464
zomato popcorn,22259
ajio flight ticket,13186
myntra sandwich,33814
swiggy subscription,25811
kfc pasta,10497
amazon pasta,48572
subway burger,32203
zomato coffee,8111
spotify laptop,24001
netflix subscription,42042
pvr dress,57796
netflix biryani,36035
redbus earbuds,50160
zomato popcorn,21649
ajio t shirt,6613
prime video dress,34361
air india subscription,22810
ola t shirt,52497
zomato sneakers,46779
swiggy sandwich,51079
dominos sneakers,2653
starbucks jeans,53355
prime video coffee,40589
croma jeans,11689
amazon camera,30123
mcdonalds subscription,20362
ajio sneakers,30075
burger king flight ticket,19609
vistara sandwich,40588
spotify flight ticket,56218
spotify biryani,23297
bookmyshow movie ticket,13835
spotify shoes,18928
myntra coffee,28553
uber pasta,5496
starbucks sandwich,1036
rapido biryani,59881
prime video pizza,15386
vistara shoes,23354
burger king popcorn,32169
subway headphones,42514
croma burger,47041
indigo subscription,13962
bookmyshow biryani,53232
nykaa dress,48536
bookmyshow camera,3541
ajio pizza,56110
mcdonalds dress,48978
vistara movie ticket,28253
vistara flight ticket,48405
redbus biryani,29616
amazon dress,13097
dominos dress,22423
rapido popcorn,28143
flipkart cab ride,48878
zomato biryani,30749
burger king sneakers,24943
spotify movie ticket,50536
ola sandwich,11969
zomato subscription,7662
dominos earbuds,14649
redbus camera,42784
netflix movie ticket,12841
ola biryani,53858
pvr t shirt,37388
redbus burger,49298
subway popcorn,43524
pizza hut t shirt,16680
hotstar headphones,49906
flipkart jeans,54351
kfc jeans,43829
dominos jeans,55447
air india laptop,25465
croma sandwich,28526
air india cab ride,37160
prime video sandwich,58077
pvr jeans,21396
zomato pizza,3338
redbus mobile,51484
kfc subscription,16802
burger king earbuds,9904
netflix jeans,43695
amazon pizza,57553
ajio laptop,43537
subway movie ticket,20645
rapido dress,8439
croma sneakers,10106
spotify watch,16799
amazon cab ride,59101
ola pasta,13219
rapido watch,9937
rapido t shirt,10559
indigo movie ticket,27888
amazon mobile,27373
pvr dress,26140
subway burger,49639
rapido laptop,46446
ajio headphones,35778
bookmyshow flight ticket,31590
air india popcorn,653
croma biryani,13166
myntra burger,2478
mcdonalds shoes,23903
redbus flight ticket,37285
uber pasta,55722
croma dress,47749
hotstar sneakers,3391
redbus subscription,5623
indigo mobile,38241
burger king watch,44972
prime video flight ticket,15206
ola popcorn,28732
redbus cab ride,2986
spotify sneakers,58466
prime video headphones,49814
pizza hut laptop,20381
burger king camera,41709
ajio pasta,31104
swiggy coffee,23468
flipkart dress,28026
reliance digital biryani,27466
indigo sandwich,10317
hotstar dress,27352
rapido camera,27877
croma pizza,13799
pvr headphones,54055
hotstar earbuds,23708
pvr pasta,22962
bookmyshow mobile,30630
uber headphones,46048
indigo subscription,22212
amazon flight ticket,1081
kfc jeans,37278
spotify shoes,211
indigo earbuds,43340
flipkart shoes,45287
hotstar jeans,49836
pvr popcorn,40961
vistara coffee,17852
starbucks camera,58552
croma burger,39827
flipkart movie ticket,57730
nykaa earbuds,52886
kfc shoes,6658
croma dress,19660
netflix mobile,23934
indigo watch,26942
rapido cab ride,27692
myntra burger,31630
starbucks flight ticket,58765
amazon movie ticket,39705
flipkart pasta,32719
swiggy jeans,1816
netflix earbuds,15369
spotify cab ride,39031
ajio flight ticket,10038
mcdonalds sandwich,56752
starbucks mobile,47816
starbucks flight ticket,6117
ajio pizza,38100
bookmyshow watch,8751
spotify movie ticket,22267
ola jeans,18455
dominos jeans,17653
ola cab ride,2135
croma biryani,10369
zomato pasta,39512
burger king pasta,52455
burger king movie ticket,58935
kfc laptop,41171
croma laptop,44510
flipkart subscription,56323
pizza hut popcorn,14586
zomato sneakers,23759
pizza hut jeans,1536
uber sneakers,33570
ajio coffee,26690
prime video laptop,30931
bookmyshow pizza,26554
dominos movie ticket,49276
zomato biryani,29440
bookmyshow popcorn,23241
reliance digital shoes,34717
kfc jeans,413
dominos dress,22722
nykaa flight ticket,56626
spotify popcorn,16680
irctc t shirt,43500
pvr pasta,15311
ajio burger,28689
uber jeans,29772
nykaa movie ticket,26864
amazon cab ride,46392
ola shoes,56913
netflix laptop,53827
netflix popcorn,35610
croma camera,59534
vistara t shirt,898
burger king burger,55109
croma t shirt,6237
bookmyshow pizza,50504
prime video pizza,6793
zomato watch,54137
air india pizza,31209
prime video watch,26230
bookmyshow shoes,51958
bookmyshow headphones,37987
hotstar burger,50150
nykaa flight ticket,42505
prime video coffee,35109
prime video coffee,30765
mcdonalds cab ride,51162
amazon movie ticket,48375
reliance digital camera,25766
nykaa movie ticket,201
irctc laptop,41671
vistara shoes,14329
starbucks burger,36704
reliance digital movie ticket,43394
pvr headphones,54896
mcdonalds mobile,57588
air india biryani,20565
dominos mobile,27297
ajio shoes,27769
pvr cab ride,38464
spotify burger,18076
swiggy popcorn,31403
spotify pasta,52814
starbucks watch,50462
burger king sandwich,48288
flipkart dress,23856
irctc shoes,35195
ola camera,32952
prime video camera,29783
flipkart popcorn,31694
kfc t shirt,30513
swiggy cab ride,30716
croma popcorn,37060
indigo headphones,31488
netflix popcorn,616
reliance digital t shirt,27782
pizza hut sneakers,35132
swiggy burger,34212
pizza hut jeans,42202
kfc burger,7599
irctc subscription,30627
kfc sneakers,34161
burger king pizza,18558
burger king popcorn,37860
pvr camera,49593
zomato jeans,12464
redbus pasta,31240
dominos jeans,38816
croma pizza,23830
rapido camera,42450
bookmyshow coffee,28439
spotify jeans,45648
pizza hut t shirt,50723
spotify mobile,44082
reliance digital shoes,54469
mcdonalds t shirt,30082
croma popcorn,41496
subway pasta,27480
spotify laptop,22667
redbus subscription,8443
hotstar laptop,29239
indigo sandwich,10190
hotstar coffee,12924
uber t shirt,21416
prime video cab ride,39437
uber sneakers,51183
prime video t shirt,1815
air india sandwich,32124
hotstar earbuds,39645
amazon popcorn,31278
redbus mobile,37563
swiggy watch,30569
vistara pizza,1027
pvr cab ride,14436
croma movie ticket,54589
netflix coffee,3994
amazon pizza,38240
burger king pasta,55688
pvr cab ride,55509
netflix jeans,55162
myntra subscription,26397
subway earbuds,13496
subway subscription,31269
nykaa mobile,54339
burger king flight ticket,13555
rapido jeans,43264
kfc cab ride,33626
vistara popcorn,31239
zomato earbuds,15773
zomato movie ticket,33598
prime video pasta,52609
netflix flight ticket,21773
hotstar pizza,58697
bookmyshow mobile,3318
prime video biryani,49267
flipkart sandwich,42987
myntra pasta,25865
redbus cab ride,32750
air india headphones,45829
nykaa jeans,37019
mcdonalds movie ticket,6476
croma jeans,17557
ola popcorn,5663
kfc pizza,15084
air india mobile,17181
croma laptop,32632
amazon coffee,50542
redbus headphones,44003
pizza hut flight ticket,57535
dominos burger,47597
starbucks burger,22819
uber biryani,59574
uber coffee,46432
uber pizza,2030
netflix shoes,19342
dominos burger,24368
indigo shoes,42578
nykaa headphones,49688
prime video coffee,56028
reliance digital headphones,43292
ajio t shirt,2463
uber t shirt,47039
redbus movie ticket,59514
spotify sneakers,32363
ajio pasta,32996
subway camera,57152
dominos cab ride,11364
burger king cab ride,20166
uber movie ticket,37623
nykaa flight ticket,21551
pvr headphones,14718
irctc shoes,43324
air india pizza,26386
flipkart flight ticket,6307
subway t shirt,23718
mcdonalds cab ride,54357
ola cab ride,43398
redbus cab ride,51735
prime video jeans,57060
burger king pasta,43760
spotify cab ride,39688
hotstar burger,48670
starbucks shoes,8129
subway popcorn,50563
irctc watch,7371
pizza hut camera,14349
spotify camera,1533
spotify coffee,36996
pizza hut burger,51284
netflix headphones,10982
uber popcorn,26209
bookmyshow sandwich,4786
rapido laptop,23902
uber popcorn,117
amazon sneakers,45702
vistara t shirt,9739
pvr watch,9387
prime video earbuds,33704
redbus biryani,6407
netflix dress,19651
nykaa earbuds,33572
swiggy coffee,12040
spotify subscription,55819
spotify cab ride,55615
mcdonalds flight ticket,12011
prime video jeans,32016
bookmyshow biryani,50957
redbus cab ride,38934
pizza hut pizza,8737
swiggy sneakers,57113
uber subscription,27655
spotify jeans,56546
dominos burger,45702
uber sneakers,52187
bookmyshow earbuds,9456
myntra cab ride,24241
croma movie ticket,51863
rapido mobile,44617
spotify pasta,54057
burger king dress,57609
flipkart popcorn,183
bookmyshow pizza,57731
reliance digital earbuds,26356
kfc flight ticket,32942
zomato coffee,50505
amazon earbuds,22371
reliance digital laptop,31785
reliance digital biryani,24515
starbucks shoes,41498
myntra mobile,30643
spotify burger,27925
croma popcorn,36813
swiggy earbuds,31679
indigo camera,12099
amazon sandwich,36639
irctc pizza,38555
rapido jeans,32999
netflix sneakers,51086
subway sneakers,4095
burger king t shirt,36831
air india shoes,23061
subway sandwich,24327
irctc laptop,38375
flipkart pasta,45480
myntra flight ticket,23566
irctc cab ride,9693
ajio burger,30634
netflix dress,45443
amazon watch,56576
croma earbuds,15480
amazon coffee,43930
amazon watch,5142
nykaa popcorn,16737
nykaa laptop,19254
redbus popcorn,10466
swiggy dress,30677
ajio shoes,13293
air india cab ride,57736
prime video cab ride,12793
ola burger,43056
ajio sandwich,37911
myntra cab ride,34298
ola cab ride,2844
reliance digital earbuds,59410
swiggy earbuds,7445
reliance digital flight ticket,55196
prime video jeans,53021
pizza hut flight ticket,56260
netflix coffee,55788
pizza hut t shirt,12353
kfc dress,350
dominos t shirt,58783
croma t shirt,29993
air india burger,25241
indigo subscription,27580
redbus jeans,28461
myntra shoes,31612
pizza hut earbuds,21117
indigo headphones,9718
swiggy popcorn,10926
irctc sneakers,26157
zomato coffee,38421
spotify sneakers,26917
netflix camera,46299
croma mobile,22834
subway watch,56621
amazon shoes,28581
bookmyshow burger,5714
bookmyshow flight ticket,31820
croma dress,46323
ola cab ride,57966
spotify sandwich,226
burger king shoes,19866
ajio pasta,10373
flipkart flight ticket,4951
spotify sandwich,37359
subway sandwich,56143
netflix camera,47341
croma shoes,50013
pvr pizza,18325
starbucks sneakers,33467
indigo shoes,33866
air india subscription,59682
air india subscription,52305
vistara headphones,24775
rapido shoes,21110
netflix movie ticket,12698
uber headphones,27747
dominos biryani,31446
ola sneakers,59666
dominos t shirt,39873
air india earbuds,20603
pvr pizza,52561
hotstar sandwich,44319
flipkart burger,1049
rapido earbuds,39779
croma camera,54142
pizza hut t shirt,26357
vistara t shirt,8481
prime video watch,28795
myntra camera,10930
croma jeans,41670
uber movie ticket,36472
dominos movie ticket,32244
irctc flight ticket,56855
mcdonalds watch,9999
pizza hut flight ticket,34667
irctc biryani,23805
flipkart dress,43474
nykaa t shirt,19971
burger king sandwich,52350
myntra cab ride,55317
air india pasta,27730
spotify burger,30184
flipkart t shirt,1836
starbucks sandwich,31952
burger king subscription,46738
spotify pasta,52330
rapido sandwich,51069
vistara camera,41464
subway jeans,51382
myntra coffee,39661
prime video headphones,25617
starbucks camera,16887
uber pasta,9809
mcdonalds pasta,21775
rapido pasta,52465
starbucks sandwich,18100
kfc pasta,14543
zomato sandwich,24827
dominos sandwich,31038
amazon mobile,18650
air india movie ticket,43002
myntra mobile,53947
air india biryani,38895
vistara t shirt,27686
mcdonalds watch,21681
subway jeans,39716
subway earbuds,31228
irctc dress,12467
nykaa jeans,5315
hotstar t shirt,8170
zomato sandwich,12036
prime video sneakers,43380
irctc coffee,59984
burger king laptop,21605
redbus popcorn,17181
burger king flight ticket,25834
air india jeans,33449
dominos flight ticket,37769
hotstar headphones,13731
bookmyshow earbuds,1983
myntra jeans,15225
swiggy biryani,29654
swiggy dress,53037
air india watch,37407
ajio sandwich,55741
rapido camera,41171
redbus coffee,17474
air india headphones,17747
bookmyshow pasta,58666
amazon laptop,44773
bookmyshow subscription,13428
uber pizza,7731
nykaa movie ticket,28483
pizza hut t shirt,33103
hotstar cab ride,19099
hotstar coffee,14710
hotstar biryani,33581
dominos sneakers,35037
reliance digital watch,30589
zomato sandwich,46007
rapido burger,16410
indigo t shirt,23877
ola sandwich,56433
croma watch,7897
pizza hut laptop,50370
amazon subscription,23693
uber mobile,57657
hotstar flight ticket,43499
hotstar coffee,34936
air india mobile,48578
flipkart sandwich,45159
subway burger,25531
pizza hut subscription,20197
zomato jeans,18787
pvr laptop,39257
air india mobile,4628
hotstar burger,45787
starbucks watch,56820
ajio earbuds,26515
pizza hut biryani,58723
pvr jeans,44628
netflix camera,4110
myntra coffee,37217
rapido earbuds,37100
rapido subscription,33287
croma dress,28100
zomato biryani,42465
rapido laptop,55069
spotify earbuds,43530
hotstar pizza,4399
burger king sneakers,45737
myntra camera,11281
subway pizza,58207
zomato shoes,33144
amazon flight ticket,2473
uber popcorn,42676
indigo watch,15600
pizza hut watch,48924
myntra mobile,21953
nykaa coffee,25814
mcdonalds flight ticket,45214
ajio headphones,54421
subway sneakers,8488
starbucks burger,57310
uber headphones,45823
prime video earbuds,55061
rapido watch,57123
vistara sandwich,48043
zomato popcorn,16408
pizza hut subscription,50716
vistara pizza,50482
mcdonalds t shirt,20190
flipkart shoes,44111
kfc laptop,4680
pizza hut headphones,39954
subway earbuds,47872
starbucks pasta,17009
bookmyshow jeans,58797
indigo mobile,9794
amazon movie ticket,6582
bookmyshow cab ride,55527
vistara laptop,18443
myntra watch,6495
burger king flight ticket,25300
bookmyshow camera,46215
netflix sandwich,32690
hotstar headphones,4941
subway sneakers,58381
air india burger,2106
zomato popcorn,46042
uber subscription,57893
vistara pasta,38007
reliance digital coffee,342
dominos headphones,9302
ola burger,42766
air india watch,37384
burger king watch,10334
spotify flight ticket,9856
starbucks pizza,27582
amazon sneakers,16447
burger king shoes,41638
nykaa t shirt,3298
nykaa burger,37744
air india camera,34856
ajio pasta,19921
myntra subscription,35903
irctc biryani,52741
mcdonalds earbuds,40868
kfc headphones,29783
spotify pasta,52459
pvr pasta,49523
mcdonalds biryani,37621
prime video t shirt,40916
vistara sandwich,41243
vistara cab ride,26236
ajio t shirt,38268
dominos biryani,48481
mcdonalds dress,40372
reliance digital burger,9402
rapido coffee,32710
irctc cab ride,10338
uber coffee,12933
amazon movie ticket,23443
air india t shirt,40275
kfc coffee,28076
starbucks flight ticket,51755
uber biryani,28328
rapido movie ticket,46673
bookmyshow earbuds,31089
starbucks earbuds,23860
pizza hut pizza,4133
flipkart pizza,43122
ola popcorn,20725
nykaa biryani,2216
netflix movie ticket,25335
vistara sandwich,126
flipkart laptop,18876
zomato burger,59395
croma biryani,47847
prime video sandwich,35165
starbucks movie ticket,20871
uber dress,17362
burger king biryani,32805
dominos shoes,8731
dominos flight ticket,12149
ajio popcorn,7957
dominos pizza,7702
subway movie ticket,29959
flipkart dress,1490
netflix pizza,59085
irctc jeans,15322
prime video movie ticket,33915
vistara jeans,29910
irctc watch,32966
bookmyshow headphones,54074
subway pizza,56627
indigo sandwich,16832
pvr burger,2131
spotify t shirt,44683
reliance digital flight ticket,27260
ajio headphones,21399
pizza hut watch,54793
flipkart coffee,23486
bookmyshow cab ride,23546
myntra camera,1311
mcdonalds subscription,17467
vistara pasta,27577
myntra movie ticket,4809
mcdonalds headphones,21327
flipkart headphones,53043
myntra laptop,52731
myntra coffee,53439
kfc flight ticket,5998
kfc watch,57584
starbucks camera,46927
dominos popcorn,6160
redbus camera,38515
croma shoes,32248
irctc sandwich,50846
swiggy camera,40868
spotify mobile,18287
reliance digital watch,10531
dominos laptop,17540
prime video coffee,26590
vistara flight ticket,31286
prime video mobile,351
nykaa sandwich,27156
dominos headphones,9574
nykaa pizza,32044
air india pizza,54571
pvr biryani,2257
starbucks pizza,31084
bookmyshow dress,11767
irctc shoes,35871
myntra watch,36016
reliance digital cab ride,8963
irctc jeans,18359
starbucks shoes,6420
prime video sneakers,53701
redbus headphones,39163
reliance digital sneakers,30012
zomato laptop,2841
zomato sneakers,1864
burger king shoes,14240
spotify laptop,35461
dominos biryani,25099
ola watch,49303
irctc shoes,53227
bookmyshow watch,55308
zomato dress,17780
croma flight ticket,52881
indigo jeans,33100
netflix sneakers,13301
pvr headphones,14481
ola jeans,4284
redbus flight ticket,749
flipkart popcorn,55200
uber earbuds,19430
ajio t shirt,26263
swiggy laptop,41592
bookmyshow camera,4247
netflix mobile,32272
pvr biryani,11113
amazon pasta,11480
amazon pizza,2496
kfc biryani,57595
swiggy movie ticket,37554
bookmyshow camera,36570
myntra watch,5858
reliance digital pasta,5422
pvr flight ticket,14959
ola pizza,11151
starbucks flight ticket,27232
zomato earbuds,11967
starbucks coffee,59811
kfc sandwich,59565
ola laptop,9685
indigo sandwich,6943
reliance digital dress,47702
spotify pizza,2350
indigo t shirt,16096
pvr burger,50493
nykaa flight ticket,56538
mcdonalds subscription,6131
croma dress,29068
indigo movie ticket,49755
kfc sneakers,48587
flipkart headphones,9972
amazon pizza,57570
pizza hut sneakers,18569
air india shoes,20370
flipkart pasta,57222
reliance digital sandwich,49126
pizza hut watch,26035
irctc coffee,54699
rapido camera,31499
zomato sneakers,15475
starbucks mobile,49814
burger king pizza,30687
uber sandwich,38634
bookmyshow dress,478
bookmyshow biryani,5285
flipkart biryani,44291
redbus subscription,45733
kfc laptop,46459
kfc watch,57648
ola t shirt,253
vistara pasta,16620
rapido camera,55794
netflix shoes,19912
flipkart pasta,25066
subway burger,54938
myntra sneakers,33516
bookmyshow watch,38695
reliance digital sandwich,40005
irctc earbuds,18752
reliance digital pizza,37645
myntra cab ride,49419
netflix t shirt,29354
zomato pizza,35579
prime video flight ticket,19833
indigo sandwich,23622
netflix burger,24485
kfc dress,3940
amazon cab ride,37478
indigo pasta,24974
redbus jeans,19467
mcdonalds pizza,45863
starbucks headphones,14455
subway earbuds,34078
indigo subscription,43043
vistara pasta,11906
myntra sandwich,29629
starbucks coffee,45048
redbus pasta,16824
zomato popcorn,10713
uber pasta,3619
subway watch,57941
nykaa mobile,18025
uber biryani,58248
mcdonalds headphones,52825
burger king pizza,5650
myntra headphones,25679
redbus dress,44546
ajio shoes,55087
uber t shirt,42154
reliance digital flight ticket,3076
starbucks biryani,17404
starbucks dress,27420
indigo coffee,31321
ajio shoes,46160
pvr earbuds,5411
amazon t shirt,25029
subway burger,19398
pvr cab ride,4740
rapido pizza,47299
starbucks mobile,53422
vistara laptop,58192
hotstar camera,1651
uber movie ticket,9144
starbucks t shirt,54046
flipkart jeans,27077
swiggy popcorn,28857
redbus subscription,53379
indigo mobile,25227
netflix biryani,58746
air india coffee,4222
flipkart laptop,32859
vistara sandwich,28899
ajio pasta,18914
flipkart earbuds,41052
ajio earbuds,55220
irctc laptop,41953
amazon watch,15287
air india subscription,32311
mcdonalds cab ride,54236
mcdonalds laptop,45412
vistara camera,55529
starbucks camera,41473
irctc jeans,11775
uber pasta,41129
kfc watch,33182
rapido mobile,7049
prime video popcorn,18574
bookmyshow laptop,30541
hotstar earbuds,30713
myntra sneakers,2612
bookmyshow jeans,30376
ajio flight ticket,12389
subway burger,10080
kfc camera,40266
pvr jeans,8591
rapido pizza,42905
uber coffee,20935
subway t shirt,25228
dominos camera,26214
croma burger,40315
indigo burger,58774
ajio cab ride,12122
vistara laptop,29963
subway burger,35492
ajio popcorn,20978
flipkart cab ride,49911
myntra dress,1043
burger king shoes,30892
subway headphones,28935
pvr pasta,40639
amazon shoes,43959
nykaa popcorn,18493
ola subscription,48797
mcdonalds mobile,18103
myntra popcorn,21150
zomato subscription,20972
mcdonalds popcorn,33544
nykaa mobile,24900
netflix subscription,36111
mcdonalds sandwich,32948
pizza hut camera,2813
mcdonalds jeans,27586
dominos burger,4330
irctc coffee,17422
subway pasta,17153
amazon t shirt,42930
ola popcorn,5549
vistara headphones,57248
pvr shoes,8604
uber flight ticket,40274
reliance digital watch,59714
myntra pasta,6767
pizza hut mobile,7702
mcdonalds sandwich,29811
ajio sandwich,19790
amazon popcorn,23906
uber earbuds,6926
indigo popcorn,53381
amazon pizza,6838
rapido biryani,18602
netflix camera,39822
myntra subscription,28885
mcdonalds camera,865
myntra dress,2438
uber pasta,22813
prime video t shirt,31584
reliance digital headphones,22185
amazon pasta,28444
uber flight ticket,32654
irctc movie ticket,572
starbucks burger,14425
pizza hut mobile,42359
burger king movie ticket,48754
subway t shirt,10162
uber popcorn,15379
subway camera,30477
amazon movie ticket,27831
pizza hut camera,23333
amazon mobile,22612
bookmyshow burger,36189
bookmyshow coffee,32902
amazon sneakers,54894
burger king flight ticket,30265
spotify laptop,22059
pizza hut popcorn,26945
indigo t shirt,2336
amazon burger,25553
redbus cab ride,14979
redbus biryani,56717
nykaa pizza,40410
zomato sandwich,2956
reliance digital jeans,30770
zomato burger,15009
myntra pasta,29963
pizza hut earbuds,53356
croma popcorn,35164
nykaa movie ticket,7975
starbucks mobile,2191
pizza hut camera,1898
rapido pasta,16015
zomato cab ride,54086
redbus laptop,30926
uber flight ticket,40496
burger king laptop,2943
pvr sneakers,14559
netflix sneakers,52739
mcdonalds earbuds,29521
dominos jeans,52797
flipkart watch,36202
vistara mobile,31205
spotify pizza,52430
nykaa pizza,51914
indigo dress,56270
pizza hut camera,15683
hotstar sneakers,28374
swiggy t shirt,43841
reliance digital jeans,10737
redbus laptop,44577
hotstar flight ticket,42506
nykaa flight ticket,44190
reliance digital watch,48875
netflix dress,7917
amazon subscription,50101
spotify pasta,13938
burger king mobile,54457
indigo sandwich,40510
amazon cab ride,20767
redbus sneakers,12611
kfc movie ticket,45838
air india sandwich,1156
netflix biryani,28218
pvr pizza,50203
dominos mobile,44952
air india sneakers,1213
ola laptop,1472
redbus pasta,1398
ajio sandwich,32009
kfc earbuds,45494
prime video t shirt,42934
uber sneakers,39384
dominos burger,47312
kfc flight ticket,1681
spotify pasta,47613
ola watch,22311
mcdonalds earbuds,53739
reliance digital watch,23451
swiggy earbuds,56990
uber movie ticket,37590
netflix burger,7732
pizza hut pasta,38092
ajio mobile,35605
croma t shirt,19007
reliance digital sneakers,3835
swiggy coffee,16558
rapido t shirt,13581
air india headphones,52010
uber jeans,25788
uber movie ticket,26565
subway biryani,56707
reliance digital pizza,43275
flipkart subscription,26799
rapido jeans,1317
air india sneakers,59673
subway sneakers,36103
croma t shirt,18302
kfc movie ticket,57857
croma jeans,54454
amazon sneakers,51953
irctc cab ride,17675
prime video movie ticket,48261
mcdonalds pasta,6375
myntra t shirt,58319
mcdonalds pasta,444
nykaa cab ride,18064
myntra mobile,59411
vistara burger,42972
croma jeans,54931
vistara t shirt,13206
ola sneakers,49489
hotstar cab ride,42328
irctc watch,5766
myntra laptop,39228
irctc jeans,2570
uber shoes,42132
irctc mobile,45188
myntra laptop,10246
nykaa watch,25878
swiggy watch,11031
indigo watch,1967
croma dress,13811
irctc shoes,8453
croma sneakers,46931
pvr popcorn,6978
pizza hut earbuds,32961
mcdonalds subscription,22742
pizza hut watch,32604
irctc burger,40125
dominos sneakers,41355
ajio earbuds,28074
flipkart t shirt,8988
kfc mobile,17006
redbus t shirt,31014
hotstar laptop,11191
croma popcorn,36621
dominos burger,16388
pizza hut flight ticket,38827
bookmyshow earbuds,57377
hotstar burger,50853
subway camera,10016
redbus jeans,14318
spotify cab ride,27235
irctc coffee,24590
pizza hut popcorn,49993
flipkart pizza,6502
vistara dress,22421
bookmyshow jeans,34316
croma coffee,37706
uber earbuds,2959
bookmyshow flight ticket,30406
vistara coffee,22900
croma popcorn,16292
uber cab ride,54125
swiggy pasta,11187
vistara laptop,3300
amazon movie ticket,25205
vistara laptop,50554
spotify t shirt,24809
ajio subscription,20761
croma watch,6048
rapido camera,25721
swiggy pasta,20642
pvr shoes,53860
bookmyshow mobile,25165
nykaa flight ticket,50698
hotstar popcorn,8249
burger king jeans,8508
hotstar movie ticket,2528
dominos movie ticket,34066
air india dress,1711
zomato headphones,68
ola headphones,46977
dominos laptop,29294
air india mobile,34430
pizza hut headphones,35980
indigo laptop,50176
ola sandwich,26552
ajio jeans,10878
irctc shoes,44690
irctc earbuds,39295
pizza hut burger,34143
reliance digital popcorn,50695
spotify watch,43352
starbucks subscription,25946
subway cab ride,26753
ajio burger,4967
amazon earbuds,28353
uber subscription,35949
dominos movie ticket,40808
starbucks t shirt,16312
irctc biryani,53216
redbus burger,34309
burger king pizza,2159
zomato biryani,13240
burger king flight ticket,1169
nykaa camera,14794
subway mobile,5212
uber headphones,4297
prime video shoes,7930
amazon pasta,47821
spotify camera,1942
ajio movie ticket,40734
swiggy biryani,6703
myntra mobile,32779
mcdonalds earbuds,32319
prime video watch,32818
reliance digital sandwich,58026
swiggy shoes,10069
reliance digital cab ride,18051
ajio camera,44070
reliance digital coffee,35442
indigo dress,40433
zomato coffee,14622
swiggy sandwich,3747
myntra headphones,5875
amazon popcorn,59946
uber coffee,51156
zomato burger,22210
reliance digital dress,17421
redbus popcorn,28621
ola dress,30121
uber shoes,33483
air india movie ticket,34813
kfc sandwich,30894
pvr dress,34606
croma earbuds,26053
starbucks cab ride,19197
spotify movie ticket,23334
zomato pasta,39473
myntra biryani,45062
irctc shoes,54966
swiggy mobile,14695
amazon watch,6086
air india flight ticket,4504
rapido laptop,26584
burger king sandwich,47590
burger king movie ticket,21095
swiggy earbuds,26560
mcdonalds jeans,56137
croma watch,15782
pvr coffee,30277
flipkart sandwich,8300
mcdonalds sandwich,43732
netflix burger,49542
redbus laptop,5229
flipkart t shirt,4595
zomato subscription,12848
hotstar earbuds,14240
ola sneakers,4334
myntra shoes,2601
netflix jeans,12025
bookmyshow shoes,45539
netflix popcorn,274
pvr biryani,8855
reliance digital sneakers,59643
nykaa burger,59352
spotify flight ticket,12718
vistara popcorn,30634
swiggy shoes,43249
reliance digital shoes,4774
zomato laptop,33689
myntra flight ticket,14933
rapido watch,55342
indigo shoes,56314
starbucks movie ticket,15056
starbucks cab ride,39340
redbus sneakers,32941
pizza hut popcorn,46443
air india earbuds,49993
spotify sneakers,54318
myntra popcorn,48976
indigo subscription,17524
pizza hut headphones,54545
vistara watch,22275
amazon shoes,3759
irctc dress,11791
burger king camera,54228
hotstar cab ride,53655
burger king shoes,10155
mcdonalds watch,58787
pvr sneakers,16836
pvr camera,23976
croma headphones,12358
ola t shirt,55557
pvr coffee,9289
pizza hut sandwich,46293
starbucks mobile,36448
hotstar burger,28827
bookmyshow dress,479
spotify headphones,39541
ajio cab ride,44946
nykaa earbuds,39941
bookmyshow biryani,47690
swiggy mobile,33669
kfc t shirt,9149
amazon camera,38905
bookmyshow biryani,16054
uber biryani,57322
hotstar t shirt,28268
uber earbuds,47691
swiggy sneakers,1390
flipkart pasta,25021
netflix jeans,56248
reliance digital dress,47116
subway mobile,57189
spotify camera,16056
amazon mobile,49846
amazon sneakers,6736
nykaa mobile,13741
dominos cab ride,50803
reliance digital subscription,47495
air india mobile,442
pizza hut biryani,34929
starbucks laptop,57310
prime video laptop,31684
redbus subscription,1434
myntra earbuds,32613
croma biryani,30295
flipkart sandwich,25147
starbucks burger,16462
redbus mobile,24811
vistara sneakers,48712
irctc laptop,49387
ola coffee,28899
nykaa biryani,39247
flipkart sneakers,52641
ola dress,52624
reliance digital subscription,57395
netflix laptop,29746
dominos coffee,41017
starbucks subscription,11870
mcdonalds flight ticket,21273
hotstar laptop,40082
kfc popcorn,53402
air india camera,28630
starbucks shoes,21463
subway cab ride,36379
burger king pasta,34803
hotstar sandwich,50273
amazon cab ride,26554
subway laptop,15225
irctc headphones,12796
indigo pizza,49569
ola burger,35955
subway watch,44479
ola cab ride,23521
amazon t shirt,58571
mcdonalds popcorn,37376
vistara sandwich,49212
dominos laptop,59176
bookmyshow shoes,21906
subway headphones,13563
air india pizza,954
kfc headphones,6141
hotstar shoes,38769
redbus laptop,22263
bookmyshow laptop,23123
burger king jeans,38682
nykaa shoes,13651
pvr sandwich,4510
spotify sneakers,40355
ajio pasta,7591
myntra laptop,33503
kfc headphones,4039
ola subscription,19429
croma watch,49939
uber burger,22021
swiggy pasta,10231
prime video watch,12529
dominos burger,26981
vistara subscription,11121
irctc mobile,53956
vistara laptop,9066
hotstar mobile,14297
starbucks laptop,26945
amazon shoes,5300
air india sandwich,36673
subway shoes,36175
croma coffee,15610
netflix subscription,52580
pvr laptop,43638
starbucks headphones,13642
irctc earbuds,39611
swiggy laptop,20064
redbus movie ticket,23721
rapido mobile,19364
swiggy t shirt,54890
pizza hut sandwich,21764
ajio flight ticket,22680
reliance digital popcorn,26749
ola pizza,40519
subway jeans,23462
amazon laptop,44526
myntra earbuds,39363
indigo biryani,59542
swiggy t shirt,21487
nykaa sandwich,7453
irctc dress,4523
ajio headphones,11951
bookmyshow sneakers,47439
kfc popcorn,26316
air india pasta,55522
dominos pasta,16786
pvr earbuds,1624
reliance digital subscription,23176
swiggy biryani,25270
air india watch,21128
ajio popcorn,27116
ola subscription,44654
amazon pizza,39419
indigo sneakers,41775
reliance digital watch,23803
redbus sneakers,52907
nykaa coffee,38784
myntra jeans,36753
spotify t shirt,55655
spotify laptop,23234
air india flight ticket,18440
dominos earbuds,58368
rapido subscription,30794
spotify coffee,35721
pvr movie ticket,5356
bookmyshow laptop,42982
starbucks popcorn,29535
vistara earbuds,57795
spotify biryani,11720
redbus shoes,49824
hotstar biryani,28063
hotstar coffee,59223
hotstar popcorn,55757
pizza hut headphones,10143
pvr flight ticket,45299
bookmyshow pasta,59447
amazon jeans,14774
bookmyshow sandwich,1630
vistara popcorn,51914
uber mobile,22908
croma movie ticket,59170
redbus movie ticket,59490
reliance digital dress,57708
bookmyshow pasta,52675
bookmyshow cab ride,56540
ola sneakers,49531
subway dress,26225
bookmyshow laptop,29280
pvr popcorn,22573
flipkart sandwich,25903
prime video shoes,54692
pvr burger,55206
subway subscription,44151
pvr jeans,2255
flipkart dress,19144
ajio watch,1447
pvr pasta,34800
amazon camera,13034
indigo camera,39405
myntra mobile,59654
redbus movie ticket,56045
starbucks laptop,21671
dominos flight ticket,23188
prime video pasta,19011
dominos movie ticket,58017
bookmyshow pasta,54458
zomato watch,15138
subway sneakers,14464
irctc pizza,1093
kfc cab ride,6155
swiggy coffee,527
air india watch,49098
ola biryani,34853
hotstar cab ride,1996
ajio sandwich,8998
nykaa burger,39519
bookmyshow headphones,19251
netflix watch,49204
amazon pizza,57363
uber pasta,14333
subway laptop,28557
bookmyshow flight ticket,38187
hotstar pasta,19933
indigo t shirt,20316
uber dress,36582
uber watch,20944
redbus watch,52047
spotify subscription,17049
air india headphones,50566
nykaa laptop,54726
reliance digital earbuds,40475
irctc cab ride,55445
bookmyshow pasta,15994
vistara coffee,2567
subway flight ticket,10911
burger king subscription,51843
vistara pizza,41878
myntra popcorn,26367
ajio flight ticket,15033
indigo headphones,44686
subway sneakers,1984
kfc shoes,40241
myntra subscription,26620
redbus burger,24088
reliance digital headphones,16177
mcdonalds sandwich,35473
starbucks pizza,43261
zomato earbuds,16381
bookmyshow burger,19122
bookmyshow pasta,5204
irctc jeans,6154
indigo popcorn,25172
uber sneakers,45433
subway flight ticket,12320
nykaa movie ticket,102
nykaa pasta,46148
burger king flight ticket,30392
irctc earbuds,14066
mcdonalds pizza,48591
ola subscription,2888
croma pasta,33423
pvr coffee,57342
pizza hut earbuds,4471
mcdonalds mobile,23367
ola biryani,5168
mcdonalds pizza,1715
subway burger,14939
dominos sandwich,44205
rapido burger,22987
prime video burger,1687
croma movie ticket,44448
amazon biryani,14103
air india headphones,1883
kfc flight ticket,298
ola popcorn,24556
flipkart pasta,46976
pizza hut cab ride,40834
amazon movie ticket,3827
ajio sandwich,17722
bookmyshow t shirt,25533
pvr t shirt,33303
redbus popcorn,14018
netflix flight ticket,42464
spotify sneakers,52084
amazon movie ticket,33682
pvr laptop,40214
hotstar pizza,52159
reliance digital burger,49664
irctc pasta,46181
prime video popcorn,36254
mcdonalds laptop,13809
mcdonalds popcorn,3009
mcdonalds dress,19093
rapido shoes,24977
mcdonalds cab ride,49555
myntra pasta,31204
redbus cab ride,35482
redbus watch,55364
flipkart pasta,13518
burger king popcorn,53938
air india biryani,30099
mcdonalds pasta,34349
hotstar sneakers,52980
irctc jeans,7143
myntra sandwich,59244
spotify pizza,25832
nykaa pizza,35643
spotify earbuds,3980
indigo subscription,38528
myntra flight ticket,56979
ajio biryani,49695
burger king dress,40061
indigo sandwich,17004
flipkart mobile,49157
spotify sandwich,46649
pvr headphones,3296
uber sneakers,44013
flipkart jeans,50633
starbucks pasta,27952
ola pasta,29574
myntra camera,59029
uber sandwich,11133
vistara pasta,40485
air india pasta,21753
pvr mobile,47893
hotstar t shirt,2452
bookmyshow earbuds,950
bookmyshow pasta,19106
redbus sandwich,22098
indigo shoes,18531
amazon headphones,43979
flipkart laptop,10258
pizza hut sandwich,28139
prime video pizza,11161
irctc coffee,5666
ola shoes,8018
bookmyshow pizza,59304
bookmyshow shoes,38358
uber biryani,11088
uber flight ticket,4302
reliance digital watch,51248
bookmyshow laptop,38253
air india earbuds,37198
pvr camera,30465
myntra mobile,50071
ajio jeans,26705
hotstar t shirt,17649
pvr earbuds,54609
ajio shoes,31264
swiggy coffee,20487
kfc mobile,17161
amazon sandwich,12674
pvr jeans,32949
ajio popcorn,32841
kfc coffee,519
uber shoes,50825
swiggy camera,26897
netflix camera,36595
netflix camera,34215
reliance digital popcorn,36570
burger king dress,17441
croma shoes,28515
pvr laptop,3323
air india burger,28008
dominos burger,5732
bookmyshow jeans,6344
indigo cab ride,30737
prime video earbuds,31544
burger king laptop,20747
flipkart biryani,56416
mcdonalds coffee,25653
redbus headphones,48677
nykaa pizza,5005
starbucks pasta,46273
redbus watch,59435
subway flight ticket,47977
ajio laptop,5799
myntra movie ticket,37681
prime video laptop,26051
zomato subscription,58273
starbucks mobile,9308
burger king t shirt,2596
reliance digital subscription,55173
ola earbuds,16171
rapido sneakers,45752
mcdonalds earbuds,59229
pvr popcorn,8073
dominos cab ride,16639
myntra burger,58420
rapido popcorn,58211
hotstar dress,57601
reliance digital watch,38257
netflix shoes,51703
starbucks t shirt,174
netflix cab ride,27330
indigo earbuds,49924
nykaa sneakers,31825
air india pizza,18354
zomato jeans,26137
irctc shoes,23695
netflix t shirt,21046
redbus flight ticket,19812
uber pizza,18315
vistara earbuds,7333
rapido subscription,47583
starbucks laptop,14004
air india sandwich,14982
netflix subscription,56897
dominos earbuds,14744
reliance digital earbuds,46394
croma coffee,49739
vistara mobile,42170
subway sandwich,14033
burger king jeans,5370
redbus dress,8561
rapido camera,53390
myntra flight ticket,17913
ajio flight ticket,4380
rapido camera,33938
flipkart pizza,42090
air india pizza,54284
subway cab ride,57056
croma headphones,34030
hotstar burger,2443
netflix shoes,24256
ajio pizza,47321
vistara jeans,10576
uber movie ticket,53941
croma t shirt,42505
subway camera,13293
ola shoes,20721
flipkart flight ticket,4267
subway pizza,45187
reliance digital sandwich,16544
mcdonalds mobile,660
flipkart flight ticket,50860
redbus sneakers,20109
myntra jeans,10237
burger king watch,39246
uber pizza,45588
bookmyshow jeans,41669
hotstar subscription,40045
pvr subscription,12091
myntra mobile,6223
netflix pasta,38580
nykaa biryani,36687
swiggy sneakers,33272
reliance digital mobile,35286
vistara subscription,6063
netflix pizza,54692
prime video sandwich,43327
swiggy subscription,59621
hotstar cab ride,36433
air india earbuds,17106
netflix jeans,10771
swiggy dress,26270
irctc coffee,46272
nykaa sneakers,9310
irctc subscription,6998
uber mobile,37543
burger king shoes,13458
pvr sneakers,29581
uber subscription,57103
myntra biryani,1748
nykaa cab ride,49086
redbus pasta,20475
redbus watch,56706
croma dress,12159
croma pizza,31049
uber flight ticket,34602
bookmyshow jeans,47268
flipkart earbuds,32980
nykaa dress,4545
pvr pizza,52343
subway biryani,3533
netflix watch,48477
hotstar mobile,16692
mcdonalds watch,48381
kfc sneakers,47617
pvr flight ticket,52039
indigo flight ticket,11907
prime video biryani,3406
myntra subscription,45710
croma mobile,8651
irctc flight ticket,1661
irctc pasta,22351
pvr headphones,11743
spotify headphones,18738
spotify movie ticket,16915
prime video movie ticket,8117
indigo t shirt,30211
nykaa mobile,19438
kfc sandwich,819
air india sandwich,56537
zomato subscription,17229
prime video earbuds,52109
pizza hut flight ticket,40990
kfc burger,7410
indigo popcorn,40532
uber camera,9472
reliance digital sneakers,54758
redbus earbuds,51593
pvr mobile,15693
netflix t shirt,45263
ola dress,35698
starbucks sneakers,51575
kfc t shirt,27035
amazon pizza,18024
prime video camera,42131
redbus shoes,45963
bookmyshow pizza,43412
vistara sneakers,31655
flipkart laptop,35310
kfc t shirt,44312
prime video mobile,17881
rapido flight ticket,45789
rapido popcorn,14179
burger king movie ticket,59581
spotify earbuds,14250
pizza hut watch,35055
spotify movie ticket,53540
vistara sandwich,58482
ajio biryani,29080
indigo popcorn,24840
irctc movie ticket,23184
amazon mobile,2143
starbucks jeans,31181
ola t shirt,13638
pizza hut jeans,7711
ajio flight ticket,31261
irctc coffee,11584
kfc watch,11560
swiggy t shirt,39826
netflix subscription,36836
mcdonalds pasta,54954
bookmyshow sandwich,16238
rapido movie ticket,16892
bookmyshow pasta,27121
prime video headphones,1610
burger king watch,3803
indigo pizza,18357
flipkart jeans,44163
prime video mobile,36235
irctc laptop,52338
myntra jeans,43718
burger king dress,7983
uber earbuds,14786
pizza hut watch,9134
swiggy sneakers,17635
hotstar sandwich,58967
hotstar shoes,17490
netflix sandwich,37949
nykaa pasta,4456
netflix dress,57937
flipkart pasta,20267
kfc t shirt,19218
prime video pasta,43423
mcdonalds shoes,53414
zomato earbuds,20275
vistara coffee,45140
pizza hut earbuds,39161
irctc biryani,45596
croma pasta,28407
starbucks pasta,11391
bookmyshow biryani,23291
pizza hut subscription,55410
myntra popcorn,56710
nykaa biryani,22114
flipkart coffee,47620
redbus sandwich,10015
air india shoes,39295
kfc t shirt,53951
amazon movie ticket,38336
starbucks flight ticket,17270
starbucks sneakers,1896
subway popcorn,42560
hotstar burger,22548
prime video laptop,54847
mcdonalds sneakers,41138
netflix sandwich,19960
uber sandwich,608
vistara popcorn,52874
uber t shirt,38161
zomato headphones,47753
netflix biryani,46124
indigo movie ticket,44500
air india coffee,30612
air india subscription,24071
vistara biryani,43900
pvr biryani,16445
air india camera,22855
zomato dress,46993
flipkart t shirt,17864
zomato laptop,10579
indigo sandwich,38642
myntra watch,5073
netflix cab ride,59428
netflix coffee,33191
starbucks coffee,44288
hotstar earbuds,6864
netflix watch,13095
myntra cab ride,8736
netflix sneakers,23754
prime video burger,47625
flipkart watch,15565
reliance digital headphones,3034
netflix burger,49720
ajio pasta,35609
redbus pizza,2254
netflix sandwich,55993
rapido t shirt,13995
redbus camera,59284
dominos flight ticket,25739
burger king popcorn,6717
starbucks headphones,35100
mcdonalds headphones,17462
kfc movie ticket,21642
pvr flight ticket,48309
flipkart movie ticket,35055
swiggy mobile,24867
myntra jeans,13560
burger king jeans,33657
zomato biryani,55098
irctc popcorn,32364
croma dress,17886
redbus t shirt,9573
ajio biryani,28843
hotstar dress,10945
subway biryani,16586
ajio subscription,49004
mcdonalds cab ride,16966
indigo shoes,28015
starbucks jeans,30625
irctc sandwich,25217
air india sandwich,52240
redbus camera,11647
amazon dress,28154
ola flight ticket,12531
uber cab ride,49171
indigo camera,44076
prime video sandwich,58614
rapido coffee,40398
spotify mobile,2762
spotify dress,46173
vistara biryani,268
swiggy popcorn,19051
vistara mobile,35263
reliance digital movie ticket,15020
kfc subscription,421
zomato pizza,45777
prime video headphones,8372
redbus flight ticket,15779
vistara movie ticket,16606
mcdonalds pasta,53754
bookmyshow t shirt,54367
ola coffee,52096
subway watch,32426
kfc dress,47275
ola pasta,3904
zomato pasta,36556
spotify movie ticket,185
prime video cab ride,15180
myntra dress,30016
redbus popcorn,25129
indigo popcorn,3865
rapido headphones,4505
dominos flight ticket,32099
pvr earbuds,34348
uber pizza,32633
indigo burger,47682
vistara popcorn,3402
vistara subscription,59023
pvr sandwich,47289
nykaa camera,30918
spotify laptop,45831
reliance digital popcorn,7008
uber subscription,28858
dominos movie ticket,9481
mcdonalds mobile,36146
prime video subscription,53960
rapido camera,28700
amazon coffee,44118
mcdonalds burger,16654
pvr jeans,52138
prime video pasta,30900
zomato mobile,28282
irctc headphones,49735
irctc movie ticket,38326
bookmyshow burger,25559
air india coffee,5261
myntra sneakers,47743
indigo subscription,46285
redbus sandwich,42774
irctc burger,52901
mcdonalds t shirt,15660
netflix jeans,1925
burger king mobile,6775
dominos laptop,15210
nykaa burger,7271
irctc earbuds,48119
ajio camera,30193
dominos coffee,51454
ola movie ticket,41572
netflix laptop,9745
dominos sandwich,10785
flipkart flight ticket,4574
hotstar burger,7258
rapido subscription,44168
indigo pasta,54119
myntra laptop,1627
indigo popcorn,18010
kfc popcorn,20123
subway watch,16154
ajio dress,52941
flipkart flight ticket,9219
zomato jeans,7352
subway pasta,52024
irctc coffee,7272
ola biryani,34278
starbucks t shirt,48792
ola watch,9210
reliance digital movie ticket,9737
flipkart biryani,9344
kfc headphones,22509
spotify pizza,43175
mcdonalds pasta,11466
pvr shoes,23269
prime video subscription,12721
uber headphones,8839
vistara watch,14086
irctc earbuds,41588
kfc camera,49385
hotstar popcorn,32242
uber sandwich,49908
pvr t shirt,30539
reliance digital laptop,39543
mcdonalds flight ticket,48293
ajio pasta,23745
ajio burger,40572
netflix sneakers,34428
netflix pizza,37959
swiggy coffee,372
myntra subscription,47964
netflix pizza,37786
hotstar coffee,12963
croma sandwich,20646
netflix camera,49385
croma laptop,28180
ajio watch,47989
indigo earbuds,45317
swiggy subscription,22117
redbus burger,19532
ajio laptop,31304
redbus shoes,1470
myntra coffee,42384
mcdonalds sandwich,23277
ajio movie ticket,58778
zomato pasta,26472
irctc subscription,17074
croma watch,58917
ajio t shirt,42792
subway mobile,40443
air india jeans,19940
reliance digital camera,15894
indigo laptop,13548
swiggy dress,54165
starbucks shoes,20075
zomato sneakers,19980
swiggy coffee,26539
hotstar earbuds,34180
prime video coffee,59084
subway cab ride,1827
indigo watch,41618
swiggy pizza,10634
zomato pasta,27647
myntra earbuds,5448
air india burger,28533
reliance digital laptop,30728
uber laptop,746
kfc earbuds,50052
ola jeans,13997
netflix shoes,22594
uber subscription,58151
mcdonalds earbuds,30516
hotstar mobile,59122
kfc camera,42376
myntra dress,54179
bookmyshow jeans,11505
vistara camera,25519
swiggy pasta,2785
starbucks cab ride,59642
prime video shoes,7229
spotify dress,25429
flipkart popcorn,48432
uber flight ticket,5734
ajio sneakers,50689
air india cab ride,30386
nykaa jeans,10681
ola headphones,12864
irctc movie ticket,50891
kfc pizza,53301
swiggy flight ticket,38377
hotstar sandwich,51847
rapido burger,20383
burger king biryani,2524
burger king watch,47716
reliance digital pizza,58335
rapido movie ticket,32887
burger king pizza,7709
vistara mobile,34600
kfc dress,14603
kfc sneakers,43438
rapido dress,14815
spotify sneakers,5422
redbus earbuds,5285
ola movie ticket,21103
hotstar jeans,22077
nykaa pasta,1308
redbus laptop,360
hotstar pasta,8665
netflix earbuds,37613
indigo cab ride,8938
kfc earbuds,36002
netflix camera,9726
redbus earbuds,20954
air india t shirt,6427
air india coffee,22155
bookmyshow popcorn,39903
reliance digital dress,10113
spotify shoes,18112
pvr camera,16142
pizza hut camera,17921
netflix shoes,54134
netflix jeans,50286
croma camera,30855
hotstar earbuds,33205
flipkart camera,46431
zomato coffee,55396
redbus sneakers,29094
subway pizza,49648
kfc camera,42867
rapido movie ticket,51374
bookmyshow subscription,27739
spotify burger,20748
subway flight ticket,33802
vistara t shirt,1454
subway dress,24669
reliance digital camera,45888
mcdonalds cab ride,3200
prime video popcorn,35377
air india headphones,33532
reliance digital pizza,15982
dominos mobile,50157
dominos coffee,33651
bookmyshow camera,26346
bookmyshow pasta,16803
flipkart coffee,22193
ajio sneakers,13173
ola laptop,603
hotstar popcorn,1931
subway flight ticket,15772
swiggy subscription,43152
pvr jeans,9078
redbus coffee,53052
nykaa laptop,1117
ola shoes,53996
zomato cab ride,57306
ajio coffee,18011
redbus pizza,47650
ajio mobile,236
ola subscription,25557
redbus jeans,6279
redbus t shirt,48309
reliance digital pizza,28576
redbus sneakers,197
hotstar pizza,41054
ajio movie ticket,49261
pizza hut subscription,6793
vistara t shirt,28407
kfc sandwich,48185
vistara jeans,48237
subway pizza,35134
burger king sandwich,44064
rapido dress,108
mcdonalds subscription,56546
hotstar coffee,40702
mcdonalds movie ticket,46525
dominos flight ticket,15148
spotify dress,10036
irctc jeans,4651
vistara mobile,10336
croma earbuds,28670
netflix pasta,22865
hotstar dress,31125
ola sneakers,56404
starbucks jeans,25815
rapido camera,47769
zomato biryani,40438
subway pizza,2335
rapido pasta,21739
spotify mobile,42435
spotify biryani,50395
netflix popcorn,3238
irctc earbuds,25091
dominos headphones,28311
netflix flight ticket,38235
pvr pizza,12990
subway subscription,13691
myntra earbuds,58987
pvr jeans,52037
spotify pizza,54211
uber mobile,45112
nykaa popcorn,45378
myntra headphones,17894
rapido earbuds,25334
myntra biryani,16168
subway flight ticket,49445
amazon headphones,18672
netflix movie ticket,15966
hotstar t shirt,40135
swiggy popcorn,1875
reliance digital sandwich,27507
spotify earbuds,33959
kfc jeans,56995
dominos jeans,18121
hotstar watch,46402
subway pasta,26588
flipkart dress,25687
croma subscription,55725
zomato coffee,36062
subway watch,30399
starbucks flight ticket,21680
croma sandwich,6345
spotify cab ride,10279
pvr subscription,33359
swiggy pasta,45050
hotstar cab ride,38399
bookmyshow pizza,33114
flipkart dress,26621
amazon sandwich,38222
croma camera,12765
pvr jeans,48926
bookmyshow t shirt,21681
myntra t shirt,56119
air india burger,21481
hotstar laptop,54327
netflix jeans,34385
prime video jeans,46476
dominos sandwich,20616
burger king shoes,20940
pizza hut burger,471
dominos t shirt,49464
prime video popcorn,55120
spotify laptop,12282
flipkart sandwich,25401
prime video popcorn,6603
reliance digital watch,39493
redbus watch,55894
vistara cab ride,41677
air india cab ride,57188
reliance digital dress,10202
prime video jeans,34149
redbus t shirt,9243
dominos camera,58468
subway biryani,17797
irctc popcorn,32550
zomato burger,50531
uber t shirt,13209
redbus movie ticket,15337
netflix movie ticket,52774
croma coffee,2925
spotify watch,9460
uber coffee,4144
ola coffee,30078
hotstar pizza,53335
indigo sandwich,51113
uber popcorn,3170
mcdonalds sneakers,36295
zomato mobile,40653
prime video burger,29431
nykaa cab ride,20252
uber mobile,52848
ajio dress,43174
mcdonalds watch,34204
hotstar movie ticket,46531
dominos laptop,28725
bookmyshow dress,21463
ajio subscription,4397
burger king movie ticket,20504
vistara subscription,46244
reliance digital pizza,9673
pizza hut shoes,13468
croma flight ticket,26429
indigo watch,43202
bookmyshow sneakers,34034
zomato sandwich,51807
hotstar mobile,40783
redbus t shirt,31476
mcdonalds popcorn,29281
pvr watch,53248
bookmyshow coffee,50373
myntra coffee,44421
starbucks earbuds,43365
croma popcorn,47458
uber pizza,20095
subway sneakers,7213
flipkart earbuds,47374
burger king camera,33810
indigo dress,9012
pvr earbuds,21618
vistara watch,35749
indigo earbuds,39229
spotify popcorn,53581
zomato pasta,12251
rapido shoes,9267
indigo t shirt,28909
burger king t shirt,43569
starbucks flight ticket,6964
hotstar jeans,29741
indigo headphones,12603
vistara sneakers,40559
starbucks subscription,9600
kfc shoes,58096
nykaa laptop,51286
kfc shoes,5703
amazon camera,47446
mcdonalds earbuds,11389
hotstar subscription,22758
bookmyshow flight ticket,17153
prime video laptop,39087
kfc flight ticket,47011
pizza hut sneakers,2511
swiggy pizza,29235
reliance digital dress,29422
bookmyshow biryani,24348
zomato camera,19835
rapido t shirt,8390
dominos burger,6088
burger king movie ticket,494
air india headphones,39368
nykaa burger,40901
spotify flight ticket,19438
subway flight ticket,19002
ola laptop,51888
pizza hut burger,5129
mcdonalds sandwich,53259
uber laptop,46544
prime video headphones,56550
irctc coffee,6073
subway subscription,19050
swiggy coffee,10767
hotstar popcorn,12956
croma sneakers,55606
air india cab ride,13383
croma watch,48514
pvr flight ticket,29282
pizza hut sneakers,16051
hotstar popcorn,46508
bookmyshow coffee,37285
netflix headphones,19400
swiggy camera,54895
swiggy cab ride,46187
kfc pasta,24833
starbucks laptop,31711
spotify cab ride,38288
dominos movie ticket,36417
reliance digital jeans,32298
uber mobile,25405
burger king cab ride,17445
rapido laptop,13224
rapido earbuds,12018
irctc laptop,32765
spotify laptop,15491
netflix dress,50786
burger king watch,27017
bookmyshow jeans,33678
indigo mobile,27312
netflix headphones,34031
ajio mobile,31566
irctc pasta,42465
pizza hut camera,40576
hotstar movie ticket,12078
rapido shoes,36924
starbucks t shirt,43955
air india mobile,4363
dominos cab ride,46309
croma headphones,52728
myntra headphones,48323
zomato popcorn,13268
pizza hut earbuds,21076
subway dress,12258
kfc mobile,9530
ajio mobile,57968
pvr burger,9352
myntra mobile,16035
air india earbuds,24189
netflix t shirt,47528
ajio sandwich,29231
burger king pizza,42223
ajio camera,39266
nykaa biryani,38457
indigo sneakers,48432
swiggy earbuds,55932
irctc sneakers,16541
air india t shirt,21630
uber popcorn,19578
prime video camera,21680
pvr headphones,4418
ajio watch,50992
flipkart jeans,30716
rapido dress,39630
vistara cab ride,58288
hotstar burger,16820
irctc camera,40955
dominos dress,1484
pvr biryani,2593
pvr dress,55773
zomato t shirt,882
ola jeans,56055
uber jeans,7278
prime video shoes,36747
irctc watch,45672
swiggy jeans,34807
pvr pizza,46411
air india biryani,50568
zomato flight ticket,8531
mcdonalds biryani,9943
kfc watch,46804
ola pasta,42532
flipkart mobile,32457
ola t shirt,52541
subway dress,15831
indigo dress,10922
dominos mobile,51099
air india coffee,22993
swiggy burger,14278
spotify watch,41147
vistara sneakers,58795
uber sneakers,25149
myntra movie ticket,55433
pvr dress,50726
irctc biryani,46678
amazon cab ride,43704
prime video flight ticket,23155
starbucks pasta,27664
ajio earbuds,38635
vistara movie ticket,1608
uber dress,55285
flipkart movie ticket,14850
redbus headphones,56219
reliance digital biryani,24278
hotstar laptop,8000
pizza hut cab ride,21963
kfc subscription,57770
rapido watch,31620
rapido sandwich,42092
netflix cab ride,26140
indigo sandwich,8905
indigo dress,56667
bookmyshow watch,1177
myntra sneakers,26853
zomato dress,16605
pizza hut sandwich,37419
mcdonalds camera,45127
dominos watch,40349
ajio pasta,7004
myntra burger,53666
mcdonalds shoes,13337
dominos movie ticket,22215
redbus mobile,9241
starbucks jeans,51419
kfc watch,21613
zomato popcorn,42016
pizza hut sandwich,20920
pizza hut earbuds,27097
redbus subscription,12399
nykaa cab ride,42025
mcdonalds earbuds,44173
zomato subscription,13924
spotify cab ride,42842
spotify laptop,27402
burger king sandwich,25655
pizza hut dress,28074
zomato subscription,37966
pvr sneakers,12832
pizza hut laptop,34267
nykaa t shirt,47419
spotify mobile,21498
swiggy popcorn,21534
indigo watch,22452
hotstar dress,4348
zomato sandwich,43759
subway earbuds,44220
hotstar sandwich,7195
starbucks burger,35602
spotify t shirt,39514
pizza hut sandwich,22923
rapido t shirt,55691
air india t shirt,7774
burger king t shirt,5686
croma sandwich,14397
pizza hut t shirt,11711
prime video mobile,45603
pizza hut subscription,14781
redbus laptop,19394
netflix cab ride,39285
amazon shoes,59395
spotify laptop,25309
kfc sandwich,33144
zomato biryani,37776
subway laptop,35571
pvr sandwich,2717
hotstar cab ride,29389
irctc cab ride,58223
kfc coffee,34931
croma biryani,44175
rapido headphones,171
nykaa camera,8260
air india shoes,32345
flipkart t shirt,55926
zomato pasta,10203
kfc pasta,20433
rapido dress,1988
croma popcorn,20366
subway movie ticket,26738
vistara shoes,5742
zomato cab ride,59365
ajio mobile,19931
ajio cab ride,20046
subway movie ticket,27037
air india dress,8286
reliance digital subscription,1371
indigo earbuds,58139
nykaa watch,21646
dominos headphones,56644
ola mobile,46917
swiggy cab ride,1357
subway pizza,38970
rapido burger,18423
indigo watch,31372
indigo shoes,55124
starbucks sneakers,19983
pvr burger,15403
subway biryani,21900
swiggy sandwich,23057
reliance digital movie ticket,14049
subway pizza,46347
pvr camera,54815
zomato shoes,7650
reliance digital earbuds,34793
indigo laptop,53358
amazon watch,31288
rapido burger,52692
redbus sneakers,528
nykaa earbuds,54502
pizza hut cab ride,23562
redbus pasta,17090
uber popcorn,3081
nykaa laptop,25098
redbus flight ticket,53631
netflix earbuds,39475
rapido popcorn,47233
bookmyshow watch,40986
zomato headphones,25499
burger king pizza,44554
uber jeans,23329
pizza hut headphones,34925
croma biryani,5214
ajio watch,15927
amazon t shirt,35561
ola t shirt,4304
subway burger,22998
ajio jeans,12217
croma watch,24950
ajio pizza,110
croma sandwich,59131
amazon laptop,6191
spotify coffee,22932
ajio pasta,14449
uber watch,54489
netflix watch,58659
nykaa dress,6932
subway pasta,28439
dominos dress,2260
pizza hut earbuds,38413
mcdonalds cab ride,23169
dominos dress,41598
uber coffee,7006
rapido pasta,29712
hotstar coffee,28540
ajio shoes,23021
redbus shoes,22587
bookmyshow camera,53523
starbucks earbuds,2912
indigo subscription,11273
subway watch,42461
burger king subscription,17617
uber earbuds,39710
subway subscription,13966
rapido biryani,24423
starbucks subscription,57538
zomato popcorn,11228
kfc dress,5830
spotify subscription,20631
bookmyshow shoes,25902
kfc jeans,48492
swiggy coffee,57149
kfc shoes,39022
bookmyshow movie ticket,51732
indigo coffee,53012
indigo shoes,10097
prime video jeans,49641
spotify camera,32814
pizza hut shoes,46659
dominos mobile,17541
reliance digital movie ticket,2551
uber jeans,46037
ajio mobile,54761
dominos watch,2458
irctc cab ride,6728
nykaa pasta,57917
uber earbuds,13382
vistara movie ticket,10024
reliance digital earbuds,59674
croma flight ticket,57473
amazon flight ticket,49836
flipkart coffee,26603
amazon pizza,25882
indigo pasta,29684
myntra popcorn,12099
flipkart biryani,34515
reliance digital laptop,54142
ajio pasta,25062
netflix earbuds,26530
swiggy earbuds,52265
air india popcorn,47124
swiggy popcorn,17339
burger king cab ride,37233
kfc jeans,17804
zomato pizza,17409
ola dress,12677
starbucks laptop,30659
croma cab ride,47543
croma flight ticket,19978
reliance digital headphones,7912
mcdonalds popcorn,29090
dominos burger,33064
amazon camera,28731
flipkart laptop,32752
ajio biryani,45456
pizza hut biryani,27845
starbucks watch,5146
pvr movie ticket,13244
starbucks laptop,29154
reliance digital t shirt,2190
netflix movie ticket,18296
rapido coffee,1390
mcdonalds t shirt,23449
irctc popcorn,47327
zomato mobile,1512
nykaa pasta,49553
irctc headphones,26679
ajio coffee,44026
subway movie ticket,18101
bookmyshow laptop,7396
zomato pasta,17300
starbucks shoes,30153
hotstar movie ticket,39868
mcdonalds laptop,2246
nykaa sandwich,41353
bookmyshow burger,41088
zomato jeans,39102
mcdonalds pasta,8875
burger king headphones,39390
amazon jeans,2753
amazon watch,33472
vistara t shirt,8660
uber laptop,48130
swiggy t shirt,923
prime video mobile,7627
zomato cab ride,41203
reliance digital headphones,45497
netflix sandwich,14275
rapido coffee,360
rapido laptop,37795
hotstar subscription,5067
nykaa watch,44281
burger king flight ticket,1912
flipkart biryani,7069
ola popcorn,37715
uber popcorn,32418
uber pizza,34291
bookmyshow laptop,43199
prime video headphones,43927
redbus coffee,52260
ola shoes,17147
amazon sneakers,8940
air india camera,36245
subway t shirt,11601
dominos subscription,16389
burger king sneakers,46121
redbus earbuds,25768
hotstar biryani,25422
subway dress,59323
ola popcorn,47932
prime video sneakers,45645
air india shoes,27444
air india pasta,5766
vistara biryani,37579
bookmyshow jeans,27556
kfc sneakers,30564
hotstar watch,45180
subway flight ticket,27742
flipkart shoes,59910
redbus t shirt,34686
indigo shoes,15214
flipkart movie ticket,43765
netflix earbuds,11877
vistara subscription,2623
zomato subscription,22892
kfc earbuds,40484
kfc headphones,27966
ajio burger,55990
dominos mobile,14695
irctc watch,11384
redbus subscription,55751
swiggy movie ticket,2221
dominos mobile,52574
uber movie ticket,33336
pizza hut t shirt,33153
redbus watch,15165
prime video earbuds,27962
starbucks biryani,58632
swiggy headphones,41820
indigo biryani,4472
reliance digital laptop,28338
burger king dress,12717
spotify movie ticket,12898
flipkart coffee,24473
starbucks sandwich,12439
netflix popcorn,36920
vistara sandwich,49548
dominos laptop,26729
amazon pizza,18229
hotstar burger,14095
indigo sandwich,20443
bookmyshow t shirt,54442
swiggy headphones,52962
burger king biryani,21271
vistara jeans,4027
starbucks burger,33179
pizza hut headphones,34585
amazon shoes,52243
spotify coffee,39296
amazon headphones,25035
rapido pizza,8484
netflix pasta,10778
netflix cab ride,3646
pizza hut pizza,58159
uber pasta,53410
kfc burger,41688
rapido burger,26860
prime video headphones,17681
pvr laptop,36948
hotstar sneakers,14095
redbus dress,45941
nykaa dress,50899
subway subscription,14286
swiggy watch,3862
starbucks coffee,40954
bookmyshow biryani,50746
reliance digital sneakers,49940
irctc laptop,20653
mcdonalds popcorn,17398
pizza hut t shirt,38986
netflix t shirt,19078
nykaa headphones,54591
ajio watch,7475
rapido dress,12078
subway pizza,12939
bookmyshow watch,13483
rapido t shirt,14575
rapido biryani,26325
vistara jeans,5530
redbus mobile,16646
indigo laptop,26049
irctc t shirt,55474
swiggy sandwich,8441
irctc dress,21844
dominos cab ride,56487
bookmyshow sandwich,16396
ajio shoes,27521
croma headphones,19827
zomato popcorn,23593
nykaa earbuds,22802
zomato dress,34757
burger king popcorn,29613
flipkart subscription,14444
hotstar watch,10694
rapido sneakers,53991
prime video dress,34023
pizza hut headphones,42030
kfc biryani,28715
nykaa coffee,361
burger king camera,32902
hotstar coffee,5228
ola popcorn,48199
ola headphones,50851
croma coffee,29651
myntra pizza,24701
dominos subscription,12422
netflix sandwich,37332
kfc popcorn,24022
pizza hut popcorn,58853
zomato earbuds,56317
redbus jeans,22477
netflix camera,44768
air india laptop,14518
dominos pasta,38613
reliance digital coffee,25888
nykaa pizza,36330
starbucks dress,27289
spotify coffee,58291
pizza hut flight ticket,16604
hotstar cab ride,57003
kfc subscription,51195
burger king burger,43553
indigo sandwich,28672
dominos sneakers,14225
nykaa t shirt,59334
bookmyshow subscription,3405
myntra headphones,22655
myntra camera,30846
ajio flight ticket,15968
swiggy jeans,43998
burger king cab ride,54731
nykaa camera,10105
vistara biryani,24930
reliance digital sneakers,33964
air india coffee,50751
spotify flight ticket,15030
hotstar sandwich,54119
reliance digital popcorn,58483
myntra dress,2397
dominos mobile,45499
croma t shirt,52731
pizza hut pasta,38237
myntra popcorn,58705
pvr headphones,6047
starbucks shoes,18475
reliance digital headphones,23705
rapido movie ticket,848
uber laptop,8827
zomato popcorn,56657
reliance digital dress,45006
prime video t shirt,22410
flipkart jeans,59556
reliance digital biryani,42244
myntra cab ride,36111
indigo sneakers,37236
myntra dress,47906
bookmyshow camera,44653
ola sneakers,44395
redbus biryani,26757
zomato popcorn,41029
rapido t shirt,25938
mcdonalds pizza,54763
indigo flight ticket,56771
swiggy shoes,53007
vistara camera,2797
dominos camera,21780
flipkart biryani,12498
ola coffee,27344
reliance digital cab ride,54524
prime video popcorn,31671
uber sandwich,38474
uber biryani,35015
swiggy headphones,4299
burger king sandwich,34733
subway pasta,28662
ola laptop,39371
swiggy shoes,54966
croma t shirt,30041
reliance digital burger,20692
ajio cab ride,20548
spotify jeans,17855
reliance digital laptop,33729
flipkart camera,49525
amazon headphones,51360
zomato burger,3142
pvr pasta,15190
uber burger,37918
starbucks subscription,8165
indigo t shirt,27978
burger king cab ride,38106
pizza hut watch,33167
rapido biryani,33256
mcdonalds coffee,52055
prime video dress,21548
bookmyshow flight ticket,39407
rapido laptop,30000
pizza hut subscription,39646
burger king flight ticket,3009
myntra cab ride,9262
air india earbuds,59021
pvr mobile,4332
pvr cab ride,6532
ajio pasta,28798
burger king subscription,45898
ola t shirt,46989
hotstar movie ticket,21647
ola subscription,36382
croma flight ticket,6826
flipkart laptop,44167
rapido movie ticket,43080
burger king pasta,52734
dominos flight ticket,27637
redbus camera,3793
pizza hut coffee,41959
kfc mobile,59274
vistara flight ticket,55476
zomato laptop,59243
reliance digital flight ticket,40842
nykaa sneakers,8340
air india headphones,54730
reliance digital earbuds,50133
swiggy shoes,43754
flipkart cab ride,1464
air india t shirt,730
subway coffee,45044
kfc camera,55799
amazon pizza,36954
rapido jeans,50031
dominos pizza,17343
uber dress,46486
starbucks laptop,59741
uber laptop,44843
reliance digital pizza,42345
swiggy coffee,24944
dominos pasta,25299
bookmyshow coffee,57484
zomato watch,25330
ajio headphones,14935
flipkart camera,49653
ajio mobile,17789
flipkart sneakers,13268
mcdonalds popcorn,582
burger king mobile,55399
burger king pasta,8781
croma coffee,40408
hotstar mobile,39074
hotstar sneakers,43042
kfc laptop,1604
redbus sneakers,8345
redbus earbuds,58212
bookmyshow jeans,34326
redbus t shirt,32651
zomato watch,30094
dominos cab ride,50031
prime video mobile,18994
ajio shoes,46384
burger king t shirt,51034
burger king camera,28433
bookmyshow mobile,40941
nykaa t shirt,16757
netflix headphones,30044
vistara headphones,19498
hotstar mobile,19456
myntra camera,8058
burger king flight ticket,20914
air india pizza,49789
air india sandwich,17977
flipkart pizza,28753
hotstar watch,20212
bookmyshow mobile,55679
uber pasta,19364
flipkart earbuds,55224
uber camera,44484
rapido movie ticket,40550
vistara pizza,11783
pizza hut shoes,44458
spotify pizza,2848
subway burger,25650
swiggy sandwich,39207
pizza hut mobile,21607
flipkart coffee,57167
croma t shirt,20696
dominos t shirt,4028
amazon flight ticket,53930
starbucks t shirt,21990
ajio mobile,31050
prime video camera,19118
zomato dress,34184
air india subscription,58131
bookmyshow cab ride,48875
spotify subscription,38114
burger king burger,17437
swiggy biryani,17790
croma earbuds,50815
pizza hut popcorn,4450
pvr earbuds,27445
bookmyshow biryani,7701
burger king movie ticket,57832
croma burger,49517
hotstar sneakers,27730
redbus dress,48486
swiggy watch,8950
prime video t shirt,30033
amazon pasta,5059
flipkart shoes,29750
starbucks t shirt,30837
spotify dress,10565
flipkart t shirt,49080
pizza hut coffee,16794
pizza hut shoes,990
burger king jeans,27966
flipkart flight ticket,19886
indigo coffee,48360
irctc popcorn,37823
subway flight ticket,12360
netflix t shirt,26355
starbucks headphones,16161
indigo sneakers,12249
netflix watch,28568
bookmyshow popcorn,25877
reliance digital pizza,6203
ola sandwich,18551
uber cab ride,13903
ajio flight ticket,28776
prime video earbuds,40212
irctc biryani,26876
pizza hut dress,39138
ajio earbuds,32578
burger king t shirt,33140
vistara jeans,28943
uber earbuds,5588
kfc biryani,20588
rapido pizza,35211
reliance digital movie ticket,17237
myntra t shirt,32046
myntra shoes,16082
myntra sneakers,42263
uber pasta,45566
indigo laptop,55213
redbus mobile,33119
netflix cab ride,37174
amazon movie ticket,17340
uber sneakers,47880
reliance digital pizza,44183
irctc jeans,13740
prime video flight ticket,19057
vistara earbuds,54334
starbucks sandwich,56816
pvr movie ticket,21041
burger king laptop,43435
indigo subscription,14168
amazon coffee,11085
bookmyshow sandwich,28219
subway earbuds,28994
netflix movie ticket,59084
zomato sneakers,27157
uber jeans,12742
spotify laptop,35835
ajio t shirt,52936
redbus laptop,13801
spotify earbuds,6684
amazon headphones,17036
reliance digital cab ride,56278
bookmyshow jeans,48684
ola mobile,24284
redbus sandwich,50553
burger king popcorn,26558
spotify popcorn,53714
rapido subscription,29747
spotify shoes,8095
subway cab ride,40283
vistara coffee,17121
rapido watch,12593
swiggy t shirt,26003
netflix flight ticket,22925
zomato pizza,18996
indigo t shirt,12268
uber flight ticket,38342
mcdonalds jeans,51782
flipkart earbuds,19851
vistara mobile,44821
pizza hut biryani,59258
amazon mobile,24693
hotstar pizza,6648
bookmyshow dress,6358
dominos flight ticket,9706
kfc t shirt,53846
spotify laptop,1697
pizza hut jeans,33242
reliance digital cab ride,10611
hotstar shoes,6059
rapido burger,40999
subway shoes,48614
air india movie ticket,49693
prime video sneakers,8455
reliance digital flight ticket,45611
air india mobile,37661
amazon earbuds,32515
ajio cab ride,43820
mcdonalds watch,15246
spotify pasta,51669
netflix shoes,53115
pvr coffee,57561
subway burger,37836
air india subscription,24556
zomato flight ticket,17616
spotify cab ride,15023
starbucks cab ride,38382
indigo dress,4630
pvr popcorn,51663
dominos watch,8916
subway laptop,15331
flipkart jeans,41870
spotify earbuds,45419
pizza hut flight ticket,26174
prime video camera,31326
redbus dress,6998
flipkart mobile,7476
nykaa pizza,43157
zomato laptop,6699
hotstar pasta,55705
